Path;SteerAngle;Throttle;Brake;Speed;X_Position;Y_Position;Pitch;Yaw;Roll
D:\PSI_Document\Robot_ND\RobotND\L2-SSR_Submission-CN_DavidD\record_data\IMG\robocam_2017_09_09_16_21_46_096.jpg;0;0;1;0;99.66999;85.589;0.0002337193;49.82493;1.609424E-06
D:\PSI_Document\Robot_ND\RobotND\L2-SSR_Submission-CN_DavidD\record_data\IMG\robocam_2017_09_09_16_21_46_130.jpg;0;0;0;0;99.66999;85.589;0.0002336374;49.82493;1.522647E-06
D:\PSI_Document\Robot_ND\RobotND\L2-SSR_Submission-CN_DavidD\record_data\IMG\robocam_2017_09_09_16_21_46_188.jpg;0;0;0;0;99.66999;85.589;0.0002335921;49.82493;1.33565E-06
D:\PSI_Document\Robot_ND\RobotND\L2-SSR_Submission-CN_DavidD\record_data\IMG\robocam_2017_09_09_16_21_46_254.jpg;0;0;0;0;99.66999;85.589;0.0002334283;49.82493;1.162116E-06
D:\PSI_Document\Robot_ND\RobotND\L2-SSR_Submission-CN_DavidD\record_data\IMG\robocam_2017_09_09_16_21_46_304.jpg;0;0;0;0;99.66999;85.589;0.0002333464;49.82493;1.075346E-06
D:\PSI_Document\Robot_ND\RobotND\L2-SSR_Submission-CN_DavidD\record_data\IMG\robocam_2017_09_09_16_21_46_355.jpg;0;0;0;0;99.66999;85.589;0.0002333012;49.82493;8.883487E-07
D:\PSI_Document\Robot_ND\RobotND\L2-SSR_Submission-CN_DavidD\record_data\IMG\robocam_2017_09_09_16_21_46_405.jpg;0;0;0;0;99.66999;85.589;0.0002332193;49.82493;8.015721E-07
D:\PSI_Document\Robot_ND\RobotND\L2-SSR_Submission-CN_DavidD\record_data\IMG\robocam_2017_09_09_16_21_46_454.jpg;0;0;0;0;99.66999;85.589;0.000233174;49.82493;6.145747E-07
D:\PSI_Document\Robot_ND\RobotND\L2-SSR_Submission-CN_DavidD\record_data\IMG\robocam_2017_09_09_16_21_46_504.jpg;0;0;0;0;99.66999;85.589;0.0002330921;49.82493;5.278112E-07
D:\PSI_Document\Robot_ND\RobotND\L2-SSR_Submission-CN_DavidD\record_data\IMG\robocam_2017_09_09_16_21_46_554.jpg;0;0;0;0;99.66999;85.589;0.0002330469;49.82493;3.408137E-07
D:\PSI_Document\Robot_ND\RobotND\L2-SSR_Submission-CN_DavidD\record_data\IMG\robocam_2017_09_09_16_21_46_604.jpg;0;0;0;0;99.66999;85.589;0.0002330102;49.82493;4.410412E-07
D:\PSI_Document\Robot_ND\RobotND\L2-SSR_Submission-CN_DavidD\record_data\IMG\robocam_2017_09_09_16_21_46_671.jpg;0;0;0;0;99.66999;85.589;0.0002330652;49.82493;2.906968E-07
D:\PSI_Document\Robot_ND\RobotND\L2-SSR_Submission-CN_DavidD\record_data\IMG\robocam_2017_09_09_16_21_46_721.jpg;0;0;0;0;99.66999;85.589;0.0002330102;49.82493;4.410412E-07
D:\PSI_Document\Robot_ND\RobotND\L2-SSR_Submission-CN_DavidD\record_data\IMG\robocam_2017_09_09_16_21_46_771.jpg;0;0;0;0;99.66999;85.589;0.0002330285;49.82493;3.909242E-07
D:\PSI_Document\Robot_ND\RobotND\L2-SSR_Submission-CN_DavidD\record_data\IMG\robocam_2017_09_09_16_21_46_821.jpg;0;0;0;0;99.66999;85.589;0.0002330285;49.82493;3.909242E-07
D:\PSI_Document\Robot_ND\RobotND\L2-SSR_Submission-CN_DavidD\record_data\IMG\robocam_2017_09_09_16_21_46_871.jpg;0;0;0;0;99.66999;85.589;0.0002329919;49.82493;4.911582E-07
D:\PSI_Document\Robot_ND\RobotND\L2-SSR_Submission-CN_DavidD\record_data\IMG\robocam_2017_09_09_16_21_46_921.jpg;0;0;0;0;99.66999;85.589;0.0002330285;49.82493;3.909242E-07
D:\PSI_Document\Robot_ND\RobotND\L2-SSR_Submission-CN_DavidD\record_data\IMG\robocam_2017_09_09_16_21_46_988.jpg;0;0;0;0;99.66999;85.589;0.0002330102;49.82493;4.410412E-07
D:\PSI_Document\Robot_ND\RobotND\L2-SSR_Submission-CN_DavidD\record_data\IMG\robocam_2017_09_09_16_21_47_036.jpg;0;0;0;0;99.66999;85.589;0.0002330102;49.82493;4.410412E-07
D:\PSI_Document\Robot_ND\RobotND\L2-SSR_Submission-CN_DavidD\record_data\IMG\robocam_2017_09_09_16_21_47_088.jpg;0;0;0;0;99.66999;85.589;0.0002330102;49.82493;4.410412E-07
D:\PSI_Document\Robot_ND\RobotND\L2-SSR_Submission-CN_DavidD\record_data\IMG\robocam_2017_09_09_16_21_47_139.jpg;0;0;0;0;99.66999;85.589;0.0002330102;49.82493;4.410412E-07
D:\PSI_Document\Robot_ND\RobotND\L2-SSR_Submission-CN_DavidD\record_data\IMG\robocam_2017_09_09_16_21_47_189.jpg;0;0;0;0;99.66999;85.589;0.0002330921;49.82493;5.278112E-07
D:\PSI_Document\Robot_ND\RobotND\L2-SSR_Submission-CN_DavidD\record_data\IMG\robocam_2017_09_09_16_21_47_239.jpg;0;0;0;0;99.66999;85.589;0.0002331374;49.82493;7.148087E-07
D:\PSI_Document\Robot_ND\RobotND\L2-SSR_Submission-CN_DavidD\record_data\IMG\robocam_2017_09_09_16_21_47_287.jpg;0;0;0;0;99.66999;85.589;0.0002332193;49.82493;8.015721E-07
D:\PSI_Document\Robot_ND\RobotND\L2-SSR_Submission-CN_DavidD\record_data\IMG\robocam_2017_09_09_16_21_47_338.jpg;0;0;0;0;99.66999;85.589;0.0002334197;49.82493;8.748847E-07
D:\PSI_Document\Robot_ND\RobotND\L2-SSR_Submission-CN_DavidD\record_data\IMG\robocam_2017_09_09_16_21_47_387.jpg;0;0;0;0;99.66999;85.589;0.0002333464;49.82493;1.075346E-06
D:\PSI_Document\Robot_ND\RobotND\L2-SSR_Submission-CN_DavidD\record_data\IMG\robocam_2017_09_09_16_21_47_439.jpg;0;0;0;0;99.66999;85.589;0.0002335469;49.82493;1.148652E-06
D:\PSI_Document\Robot_ND\RobotND\L2-SSR_Submission-CN_DavidD\record_data\IMG\robocam_2017_09_09_16_21_47_487.jpg;0;0;0;0;99.66999;85.589;0.0002334736;49.82493;1.349114E-06
D:\PSI_Document\Robot_ND\RobotND\L2-SSR_Submission-CN_DavidD\record_data\IMG\robocam_2017_09_09_16_21_47_538.jpg;0;0;0;0;99.66999;85.589;0.0002335188;49.82493;1.536111E-06
D:\PSI_Document\Robot_ND\RobotND\L2-SSR_Submission-CN_DavidD\record_data\IMG\robocam_2017_09_09_16_21_47_587.jpg;0;0;0;0;99.66999;85.589;0.0002337559;49.82493;1.509196E-06
D:\PSI_Document\Robot_ND\RobotND\L2-SSR_Submission-CN_DavidD\record_data\IMG\robocam_2017_09_09_16_21_47_638.jpg;0;0.05225614;0;0;99.67008;85.58911;0.003694432;49.82493;1.652832E-06
D:\PSI_Document\Robot_ND\RobotND\L2-SSR_Submission-CN_DavidD\record_data\IMG\robocam_2017_09_09_16_21_47_687.jpg;0;0.200142;0;0;99.67042;85.58952;0.0159155;49.82493;1.510362E-06
D:\PSI_Document\Robot_ND\RobotND\L2-SSR_Submission-CN_DavidD\record_data\IMG\robocam_2017_09_09_16_21_47_738.jpg;0;0.3509443;0;0;99.6707;85.58985;0.02503901;49.83739;4.761623E-06
D:\PSI_Document\Robot_ND\RobotND\L2-SSR_Submission-CN_DavidD\record_data\IMG\robocam_2017_09_09_16_21_47_787.jpg;0;0.4998069;0;0.02784174;99.67185;85.59122;0.06288043;49.80066;7.888072E-05
D:\PSI_Document\Robot_ND\RobotND\L2-SSR_Submission-CN_DavidD\record_data\IMG\robocam_2017_09_09_16_21_47_839.jpg;0;0.651661;0;0.05123853;99.67476;85.59466;0.1552814;49.87271;-0.0001085697
D:\PSI_Document\Robot_ND\RobotND\L2-SSR_Submission-CN_DavidD\record_data\IMG\robocam_2017_09_09_16_21_47_887.jpg;0;0.8008475;0;0.08107386;99.67806;85.59857;0.2573504;49.89639;-0.0002880981
D:\PSI_Document\Robot_ND\RobotND\L2-SSR_Submission-CN_DavidD\record_data\IMG\robocam_2017_09_09_16_21_47_938.jpg;0;0.9499969;0;0.1035367;99.68446;85.60619;0.4410658;50.06162;-0.00160797
D:\PSI_Document\Robot_ND\RobotND\L2-SSR_Submission-CN_DavidD\record_data\IMG\robocam_2017_09_09_16_21_47_988.jpg;0;1;0;0.1564471;99.69026;85.61316;0.5928763;50.07802;0.000254158
D:\PSI_Document\Robot_ND\RobotND\L2-SSR_Submission-CN_DavidD\record_data\IMG\robocam_2017_09_09_16_21_48_037.jpg;0;1;0;0.2044224;99.70093;85.62582;0.8443257;50.01191;6.219882E-05
D:\PSI_Document\Robot_ND\RobotND\L2-SSR_Submission-CN_DavidD\record_data\IMG\robocam_2017_09_09_16_21_48_086.jpg;0;1;0;0.2395147;99.70931;85.63583;1.024467;50.11662;-0.001616345
D:\PSI_Document\Robot_ND\RobotND\L2-SSR_Submission-CN_DavidD\record_data\IMG\robocam_2017_09_09_16_21_48_137.jpg;0;1;0;0.2849811;99.72262;85.65166;1.254856;50.22615;-0.001831971
D:\PSI_Document\Robot_ND\RobotND\L2-SSR_Submission-CN_DavidD\record_data\IMG\robocam_2017_09_09_16_21_48_203.jpg;0;1;0;0.3115461;99.73618;85.66776;1.31477;50.13558;-0.001852616
D:\PSI_Document\Robot_ND\RobotND\L2-SSR_Submission-CN_DavidD\record_data\IMG\robocam_2017_09_09_16_21_48_253.jpg;0;1;0;0.4012892;99.74969;85.68362;1.170564;50.22306;-0.0004351151
D:\PSI_Document\Robot_ND\RobotND\L2-SSR_Submission-CN_DavidD\record_data\IMG\robocam_2017_09_09_16_21_48_304.jpg;0;0.8509454;0;0.4334272;99.76029;85.69619;1.104641;50.16208;0.001037501
D:\PSI_Document\Robot_ND\RobotND\L2-SSR_Submission-CN_DavidD\record_data\IMG\robocam_2017_09_09_16_21_48_354.jpg;0;0.744572;0;0.4486395;99.77768;85.71686;1.043528;50.14701;0.0003676105
D:\PSI_Document\Robot_ND\RobotND\L2-SSR_Submission-CN_DavidD\record_data\IMG\robocam_2017_09_09_16_21_48_406.jpg;0;0.5450643;0;0.488934;99.79038;85.73196;1.029283;50.10774;0.0002975882
D:\PSI_Document\Robot_ND\RobotND\L2-SSR_Submission-CN_DavidD\record_data\IMG\robocam_2017_09_09_16_21_48_456.jpg;0;0.3938346;0;0.5000477;99.80925;85.75444;0.9847581;50.11793;0.000184896
D:\PSI_Document\Robot_ND\RobotND\L2-SSR_Submission-CN_DavidD\record_data\IMG\robocam_2017_09_09_16_21_48_503.jpg;0;0.2491239;0;0.5119571;99.8222;85.76984;0.957131;50.12098;-0.0002648936
D:\PSI_Document\Robot_ND\RobotND\L2-SSR_Submission-CN_DavidD\record_data\IMG\robocam_2017_09_09_16_21_48_553.jpg;0;0.1009745;0;0.5321338;99.84223;85.79369;0.9222368;50.08024;0.001193276
D:\PSI_Document\Robot_ND\RobotND\L2-SSR_Submission-CN_DavidD\record_data\IMG\robocam_2017_09_09_16_21_48_620.jpg;0;0;0;0.5347883;99.86235;85.81755;0.8737357;50.05801;-2.262763E-05
D:\PSI_Document\Robot_ND\RobotND\L2-SSR_Submission-CN_DavidD\record_data\IMG\robocam_2017_09_09_16_21_48_669.jpg;0;0;0;0.5327483;99.87557;85.83327;0.8285912;50.05646;8.717407E-05
D:\PSI_Document\Robot_ND\RobotND\L2-SSR_Submission-CN_DavidD\record_data\IMG\robocam_2017_09_09_16_21_48_721.jpg;0;0;0;0.5317988;99.89516;85.85662;0.7461809;50.05579;0.002809981
D:\PSI_Document\Robot_ND\RobotND\L2-SSR_Submission-CN_DavidD\record_data\IMG\robocam_2017_09_09_16_21_48_769.jpg;0;0;0;0.5303391;99.90807;85.87204;0.6823488;50.05579;0.005316892
D:\PSI_Document\Robot_ND\RobotND\L2-SSR_Submission-CN_DavidD\record_data\IMG\robocam_2017_09_09_16_21_48_820.jpg;0;0;0;0.5293348;99.92727;85.89495;0.575703;50.05579;0.008710651
D:\PSI_Document\Robot_ND\RobotND\L2-SSR_Submission-CN_DavidD\record_data\IMG\robocam_2017_09_09_16_21_48_870.jpg;0;0;0;0.5277799;99.93998;85.91013;0.4994565;50.05579;0.01070797
D:\PSI_Document\Robot_ND\RobotND\L2-SSR_Submission-CN_DavidD\record_data\IMG\robocam_2017_09_09_16_21_48_920.jpg;0;0.09773087;0;0.5267117;99.95869;85.93245;0.3716896;50.05599;0.01329149
D:\PSI_Document\Robot_ND\RobotND\L2-SSR_Submission-CN_DavidD\record_data\IMG\robocam_2017_09_09_16_21_48_969.jpg;0;0.2498769;0;0.5129039;99.97081;85.94692;0.2741517;50.05978;0.01471559
D:\PSI_Document\Robot_ND\RobotND\L2-SSR_Submission-CN_DavidD\record_data\IMG\robocam_2017_09_09_16_21_49_021.jpg;0;0.3988257;0;0.5230464;99.98974;85.96953;0.1578836;50.05912;0.01660857
D:\PSI_Document\Robot_ND\RobotND\L2-SSR_Submission-CN_DavidD\record_data\IMG\robocam_2017_09_09_16_21_49_070.jpg;0;0.5478914;0;0.5479851;100.0032;85.98561;0.1117248;50.05645;0.01751793
D:\PSI_Document\Robot_ND\RobotND\L2-SSR_Submission-CN_DavidD\record_data\IMG\robocam_2017_09_09_16_21_49_120.jpg;0;0.6979757;0;0.5786654;100.0253;86.01202;0.1112446;50.04052;0.01847472
D:\PSI_Document\Robot_ND\RobotND\L2-SSR_Submission-CN_DavidD\record_data\IMG\robocam_2017_09_09_16_21_49_170.jpg;0;0.851234;0;0.6215502;100.0415;86.03136;0.1597331;49.93023;0.01891205
D:\PSI_Document\Robot_ND\RobotND\L2-SSR_Submission-CN_DavidD\record_data\IMG\robocam_2017_09_09_16_21_49_223.jpg;0;1;0;0.6611754;100.068;86.06278;0.2954932;49.97893;0.01755871
D:\PSI_Document\Robot_ND\RobotND\L2-SSR_Submission-CN_DavidD\record_data\IMG\robocam_2017_09_09_16_21_49_270.jpg;0;1;0;0.6924832;100.0873;86.08585;0.4375902;49.97665;0.01690546
D:\PSI_Document\Robot_ND\RobotND\L2-SSR_Submission-CN_DavidD\record_data\IMG\robocam_2017_09_09_16_21_49_338.jpg;0;1;0;0.7256633;100.1287;86.13495;0.7449991;50.00457;-0.001325302
D:\PSI_Document\Robot_ND\RobotND\L2-SSR_Submission-CN_DavidD\record_data\IMG\robocam_2017_09_09_16_21_49_388.jpg;0;1;0;0.7654969;100.1503;86.1608;0.9007504;50.03565;-0.001059611
D:\PSI_Document\Robot_ND\RobotND\L2-SSR_Submission-CN_DavidD\record_data\IMG\robocam_2017_09_09_16_21_49_439.jpg;0;1;0;0.8158811;100.1848;86.20181;1.153176;50.1387;-0.001842897
D:\PSI_Document\Robot_ND\RobotND\L2-SSR_Submission-CN_DavidD\record_data\IMG\robocam_2017_09_09_16_21_49_488.jpg;0;1;0;0.8578179;100.2088;86.23035;1.307753;50.14924;-0.001433219
D:\PSI_Document\Robot_ND\RobotND\L2-SSR_Submission-CN_DavidD\record_data\IMG\robocam_2017_09_09_16_21_49_537.jpg;0;1;0;0.8951056;100.2428;86.27067;1.284165;50.16858;-0.003543517
D:\PSI_Document\Robot_ND\RobotND\L2-SSR_Submission-CN_DavidD\record_data\IMG\robocam_2017_09_09_16_21_49_587.jpg;0;0.8482616;0;0.9557224;100.2668;86.2992;1.221123;50.16264;-0.0009466764
D:\PSI_Document\Robot_ND\RobotND\L2-SSR_Submission-CN_DavidD\record_data\IMG\robocam_2017_09_09_16_21_49_636.jpg;0;0.6957855;0;0.972281;100.3035;86.34282;1.12446;50.15948;-0.0001946178
D:\PSI_Document\Robot_ND\RobotND\L2-SSR_Submission-CN_DavidD\record_data\IMG\robocam_2017_09_09_16_21_49_689.jpg;0;0.5466285;0;0.99424;100.3289;86.37292;1.079367;50.15699;-0.0002444895
D:\PSI_Document\Robot_ND\RobotND\L2-SSR_Submission-CN_DavidD\record_data\IMG\robocam_2017_09_09_16_21_49_755.jpg;0;0.395097;0;1.025374;100.3811;86.43511;1.020487;50.15375;-0.0003419639
D:\PSI_Document\Robot_ND\RobotND\L2-SSR_Submission-CN_DavidD\record_data\IMG\robocam_2017_09_09_16_21_49_804.jpg;0;0.1978076;0;1.034783;100.4077;86.46668;0.9915548;50.16613;-0.0004632148
D:\PSI_Document\Robot_ND\RobotND\L2-SSR_Submission-CN_DavidD\record_data\IMG\robocam_2017_09_09_16_21_49_854.jpg;0;0.04422664;0;1.045256;100.4472;86.5137;0.9248129;50.1243;0.000461418
D:\PSI_Document\Robot_ND\RobotND\L2-SSR_Submission-CN_DavidD\record_data\IMG\robocam_2017_09_09_16_21_49_904.jpg;0;0;0;1.047317;100.4736;86.54509;0.8750117;50.1226;-5.731624E-05
D:\PSI_Document\Robot_ND\RobotND\L2-SSR_Submission-CN_DavidD\record_data\IMG\robocam_2017_09_09_16_21_49_955.jpg;0;0;0;1.044198;100.5128;86.59182;0.7823551;50.11848;0.0007548062
D:\PSI_Document\Robot_ND\RobotND\L2-SSR_Submission-CN_DavidD\record_data\IMG\robocam_2017_09_09_16_21_50_004.jpg;0;0;0;1.042106;100.5388;86.6228;0.7113239;50.11671;0.003602215
D:\PSI_Document\Robot_ND\RobotND\L2-SSR_Submission-CN_DavidD\record_data\IMG\robocam_2017_09_09_16_21_50_054.jpg;0;0;0;1.038929;100.5775;86.66905;0.5950057;50.11607;0.01170711
D:\PSI_Document\Robot_ND\RobotND\L2-SSR_Submission-CN_DavidD\record_data\IMG\robocam_2017_09_09_16_21_50_105.jpg;0;0;0;1.036785;100.6031;86.69973;0.5112287;50.11609;0.01742722
D:\PSI_Document\Robot_ND\RobotND\L2-SSR_Submission-CN_DavidD\record_data\IMG\robocam_2017_09_09_16_21_50_171.jpg;0;0;0;1.033514;100.6414;86.74554;0.3789735;50.11611;0.02508968
D:\PSI_Document\Robot_ND\RobotND\L2-SSR_Submission-CN_DavidD\record_data\IMG\robocam_2017_09_09_16_21_50_220.jpg;0;0.1959581;0;1.040614;100.68;86.79165;0.2579724;50.11438;0.03156904
D:\PSI_Document\Robot_ND\RobotND\L2-SSR_Submission-CN_DavidD\record_data\IMG\robocam_2017_09_09_16_21_50_271.jpg;0;0.3461286;0;1.042238;100.7058;86.82251;0.1824819;50.07053;0.03532692
D:\PSI_Document\Robot_ND\RobotND\L2-SSR_Submission-CN_DavidD\record_data\IMG\robocam_2017_09_09_16_21_50_322.jpg;0;0.4970098;0;1.046146;100.7451;86.86954;0.09483261;50.03274;0.03857967
D:\PSI_Document\Robot_ND\RobotND\L2-SSR_Submission-CN_DavidD\record_data\IMG\robocam_2017_09_09_16_21_50_370.jpg;0;0.6452959;0;1.073106;100.7723;86.9019;0.06822251;50.03336;0.03955363
D:\PSI_Document\Robot_ND\RobotND\L2-SSR_Submission-CN_DavidD\record_data\IMG\robocam_2017_09_09_16_21_50_441.jpg;0;0.7958617;0;1.091462;100.8295;86.97015;0.1169943;50.0335;0.04025283
D:\PSI_Document\Robot_ND\RobotND\L2-SSR_Submission-CN_DavidD\record_data\IMG\robocam_2017_09_09_16_21_50_487.jpg;0;0.9941969;0;1.137141;100.8597;87.00614;0.1912803;50.03352;0.04002805
D:\PSI_Document\Robot_ND\RobotND\L2-SSR_Submission-CN_DavidD\record_data\IMG\robocam_2017_09_09_16_21_50_554.jpg;0;1;0;1.178456;100.9235;87.08195;0.4264519;50.02876;0.02685721
D:\PSI_Document\Robot_ND\RobotND\L2-SSR_Submission-CN_DavidD\record_data\IMG\robocam_2017_09_09_16_21_50_603.jpg;0;1;0;1.225015;100.9569;87.12153;0.5692091;50.02345;0.006809968
D:\PSI_Document\Robot_ND\RobotND\L2-SSR_Submission-CN_DavidD\record_data\IMG\robocam_2017_09_09_16_21_50_654.jpg;0;1;0;1.271148;101.0084;87.1832;0.8034086;50.02594;-0.001207915
D:\PSI_Document\Robot_ND\RobotND\L2-SSR_Submission-CN_DavidD\record_data\IMG\robocam_2017_09_09_16_21_50_706.jpg;0;1;0;1.28657;101.0439;87.22557;0.967882;50.02657;-0.0009308794
D:\PSI_Document\Robot_ND\RobotND\L2-SSR_Submission-CN_DavidD\record_data\IMG\robocam_2017_09_09_16_21_50_756.jpg;0;1;0;1.348482;101.0988;87.29086;1.219364;50.02255;-0.0008118291
D:\PSI_Document\Robot_ND\RobotND\L2-SSR_Submission-CN_DavidD\record_data\IMG\robocam_2017_09_09_16_21_50_804.jpg;0;1;0;1.378148;101.1361;87.33504;1.355141;50.01134;-0.001848163
D:\PSI_Document\Robot_ND\RobotND\L2-SSR_Submission-CN_DavidD\record_data\IMG\robocam_2017_09_09_16_21_50_853.jpg;0;1;0;1.423364;101.1912;87.40016;1.322507;50.01338;-0.003181741
D:\PSI_Document\Robot_ND\RobotND\L2-SSR_Submission-CN_DavidD\record_data\IMG\robocam_2017_09_09_16_21_50_906.jpg;0;1;0;1.467434;101.2283;87.44413;1.235961;50.00662;-0.0005594319
D:\PSI_Document\Robot_ND\RobotND\L2-SSR_Submission-CN_DavidD\record_data\IMG\robocam_2017_09_09_16_21_50_954.jpg;0;1;0;1.49929;101.2862;87.51247;1.157815;49.99667;-0.0003938568
D:\PSI_Document\Robot_ND\RobotND\L2-SSR_Submission-CN_DavidD\record_data\IMG\robocam_2017_09_09_16_21_51_004.jpg;0;0.8015602;0;1.542331;101.3259;87.55945;1.133011;49.99044;-0.0004032201
D:\PSI_Document\Robot_ND\RobotND\L2-SSR_Submission-CN_DavidD\record_data\IMG\robocam_2017_09_09_16_21_51_055.jpg;0;0.6498082;0;1.575427;101.3868;87.63143;1.118273;49.98147;-0.0004261409
D:\PSI_Document\Robot_ND\RobotND\L2-SSR_Submission-CN_DavidD\record_data\IMG\robocam_2017_09_09_16_21_51_105.jpg;0;0.4961103;0;1.593291;101.428;87.68017;1.114911;49.97559;-0.0004207232
D:\PSI_Document\Robot_ND\RobotND\L2-SSR_Submission-CN_DavidD\record_data\IMG\robocam_2017_09_09_16_21_51_155.jpg;0;0.3464989;0;1.611426;101.4903;87.75386;1.104722;49.9668;-0.000391181
D:\PSI_Document\Robot_ND\RobotND\L2-SSR_Submission-CN_DavidD\record_data\IMG\robocam_2017_09_09_16_21_51_203.jpg;0;0.1997721;0;1.619218;101.5321;87.80313;1.088545;49.96096;-0.0003608912
D:\PSI_Document\Robot_ND\RobotND\L2-SSR_Submission-CN_DavidD\record_data\IMG\robocam_2017_09_09_16_21_51_254.jpg;0;0.05113617;0;1.622502;101.5944;87.8768;1.040078;49.95227;-0.0002879292
D:\PSI_Document\Robot_ND\RobotND\L2-SSR_Submission-CN_DavidD\record_data\IMG\robocam_2017_09_09_16_21_51_303.jpg;0;0;0;1.6204;101.6357;87.92558;0.9891893;49.94661;-0.000236157
D:\PSI_Document\Robot_ND\RobotND\L2-SSR_Submission-CN_DavidD\record_data\IMG\robocam_2017_09_09_16_21_51_355.jpg;0;0;0;1.615764;101.6972;87.99825;0.8887233;49.93837;-0.0001056138
D:\PSI_Document\Robot_ND\RobotND\L2-SSR_Submission-CN_DavidD\record_data\IMG\robocam_2017_09_09_16_21_51_421.jpg;0;0;0;1.612439;101.7583;88.0704;0.7662663;49.93068;0.0007121108
D:\PSI_Document\Robot_ND\RobotND\L2-SSR_Submission-CN_DavidD\record_data\IMG\robocam_2017_09_09_16_21_51_474.jpg;0;0;0;1.605723;101.819;88.14217;0.6289302;49.92559;0.006641678
D:\PSI_Document\Robot_ND\RobotND\L2-SSR_Submission-CN_DavidD\record_data\IMG\robocam_2017_09_09_16_21_51_520.jpg;0;0;0;1.602334;101.8592;88.18984;0.5323247;49.92399;0.01388295
D:\PSI_Document\Robot_ND\RobotND\L2-SSR_Submission-CN_DavidD\record_data\IMG\robocam_2017_09_09_16_21_51_571.jpg;0;0;0;1.597203;101.8992;88.23742;0.4334854;49.92376;0.0234452
D:\PSI_Document\Robot_ND\RobotND\L2-SSR_Submission-CN_DavidD\record_data\IMG\robocam_2017_09_09_16_21_51_621.jpg;0;0;0;1.593748;101.9591;88.30853;0.2800881;49.92382;0.03703744
D:\PSI_Document\Robot_ND\RobotND\L2-SSR_Submission-CN_DavidD\record_data\IMG\robocam_2017_09_09_16_21_51_670.jpg;0;0;0;1.588506;101.9989;88.35577;0.1763925;49.92385;0.04503025
D:\PSI_Document\Robot_ND\RobotND\L2-SSR_Submission-CN_DavidD\record_data\IMG\robocam_2017_09_09_16_21_51_721.jpg;0;0;0;1.584975;102.0584;88.42648;0.02255737;49.92393;0.05532562
D:\PSI_Document\Robot_ND\RobotND\L2-SSR_Submission-CN_DavidD\record_data\IMG\robocam_2017_09_09_16_21_51_770.jpg;0;0;0;1.579633;102.098;88.47351;359.9231;49.92397;0.06104801
D:\PSI_Document\Robot_ND\RobotND\L2-SSR_Submission-CN_DavidD\record_data\IMG\robocam_2017_09_09_16_21_51_838.jpg;0;0.05368485;0;1.576044;102.1773;88.56747;359.7446;49.92048;0.0615604
D:\PSI_Document\Robot_ND\RobotND\L2-SSR_Submission-CN_DavidD\record_data\IMG\robocam_2017_09_09_16_21_51_886.jpg;0;0.2475331;0;1.573712;102.2172;88.61471;359.6798;49.91655;0.05249801
D:\PSI_Document\Robot_ND\RobotND\L2-SSR_Submission-CN_DavidD\record_data\IMG\robocam_2017_09_09_16_21_51_938.jpg;0;0.4019417;0;1.582112;102.2777;88.68655;359.6217;49.91477;0.03991875
D:\PSI_Document\Robot_ND\RobotND\L2-SSR_Submission-CN_DavidD\record_data\IMG\robocam_2017_09_09_16_21_51_989.jpg;0;0.5514557;0;1.592122;102.3188;88.73528;359.6178;49.91236;0.02620956
D:\PSI_Document\Robot_ND\RobotND\L2-SSR_Submission-CN_DavidD\record_data\IMG\robocam_2017_09_09_16_21_52_038.jpg;0;0.6992295;0;1.615529;102.3818;88.81008;359.6647;49.91193;0.009954478
D:\PSI_Document\Robot_ND\RobotND\L2-SSR_Submission-CN_DavidD\record_data\IMG\robocam_2017_09_09_16_21_52_105.jpg;0;0.8526516;0;1.63536;102.4467;88.88728;359.7826;49.91194;-0.004859194
D:\PSI_Document\Robot_ND\RobotND\L2-SSR_Submission-CN_DavidD\record_data\IMG\robocam_2017_09_09_16_21_52_154.jpg;0;1;0;1.687253;102.5141;88.96735;359.9769;49.91198;359.9818
D:\PSI_Document\Robot_ND\RobotND\L2-SSR_Submission-CN_DavidD\record_data\IMG\robocam_2017_09_09_16_21_52_221.jpg;0;0.9496788;0;1.716409;102.5839;89.05028;0.2384592;49.91203;359.97
D:\PSI_Document\Robot_ND\RobotND\L2-SSR_Submission-CN_DavidD\record_data\IMG\robocam_2017_09_09_16_21_52_270.jpg;0;0.7524299;0;1.768214;102.6313;89.10686;0.4285239;49.916;359.972
D:\PSI_Document\Robot_ND\RobotND\L2-SSR_Submission-CN_DavidD\record_data\IMG\robocam_2017_09_09_16_21_52_321.jpg;0;0.6000781;0;1.787831;102.703;89.19277;0.6959352;49.92701;-0.001478151
D:\PSI_Document\Robot_ND\RobotND\L2-SSR_Submission-CN_DavidD\record_data\IMG\robocam_2017_09_09_16_21_52_370.jpg;0;0.4512599;0;1.811212;102.7515;89.25018;0.8579484;49.92416;-0.0005230216
D:\PSI_Document\Robot_ND\RobotND\L2-SSR_Submission-CN_DavidD\record_data\IMG\robocam_2017_09_09_16_21_52_420.jpg;0;0.3016732;0;1.821018;102.8243;89.33636;1.062571;49.91772;-0.0006329418
D:\PSI_Document\Robot_ND\RobotND\L2-SSR_Submission-CN_DavidD\record_data\IMG\robocam_2017_09_09_16_21_52_470.jpg;0;0.1482586;0;1.829008;102.8728;89.39359;1.166827;49.91248;-0.000616926
D:\PSI_Document\Robot_ND\RobotND\L2-SSR_Submission-CN_DavidD\record_data\IMG\robocam_2017_09_09_16_21_52_521.jpg;0;0;0;1.829267;102.9449;89.47868;1.266719;49.90329;-0.0005611998
D:\PSI_Document\Robot_ND\RobotND\L2-SSR_Submission-CN_DavidD\record_data\IMG\robocam_2017_09_09_16_21_52_570.jpg;0;0;0;1.82566;102.9923;89.53452;1.276026;49.89613;-0.0009468029
D:\PSI_Document\Robot_ND\RobotND\L2-SSR_Submission-CN_DavidD\record_data\IMG\robocam_2017_09_09_16_21_52_637.jpg;0;0;0;1.822262;103.0859;89.64474;1.20905;49.88197;-0.0003585313
D:\PSI_Document\Robot_ND\RobotND\L2-SSR_Submission-CN_DavidD\record_data\IMG\robocam_2017_09_09_16_21_52_687.jpg;0;0;0;1.816841;103.1322;89.69929;1.146466;49.87466;-0.0003025098
D:\PSI_Document\Robot_ND\RobotND\L2-SSR_Submission-CN_DavidD\record_data\IMG\robocam_2017_09_09_16_21_52_738.jpg;0;0;0;1.811322;103.2013;89.78052;1.025059;49.86399;-0.0001631236
D:\PSI_Document\Robot_ND\RobotND\L2-SSR_Submission-CN_DavidD\record_data\IMG\robocam_2017_09_09_16_21_52_787.jpg;0;0;0;1.8076;103.247;89.83434;0.9299875;49.85708;-1.408912E-05
D:\PSI_Document\Robot_ND\RobotND\L2-SSR_Submission-CN_DavidD\record_data\IMG\robocam_2017_09_09_16_21_52_839.jpg;0;0;0;1.801976;103.3152;89.91467;0.7725387;49.84818;0.00281835
D:\PSI_Document\Robot_ND\RobotND\L2-SSR_Submission-CN_DavidD\record_data\IMG\robocam_2017_09_09_16_21_52_890.jpg;0;0;0;1.796289;103.3605;89.96802;0.6609284;49.84423;0.008495613
D:\PSI_Document\Robot_ND\RobotND\L2-SSR_Submission-CN_DavidD\record_data\IMG\robocam_2017_09_09_16_21_52_942.jpg;0;0;0;1.792463;103.428;90.04784;0.4887586;49.8415;0.02263243
D:\PSI_Document\Robot_ND\RobotND\L2-SSR_Submission-CN_DavidD\record_data\IMG\robocam_2017_09_09_16_21_52_988.jpg;0;0;0;1.786669;103.4728;90.10092;0.3727372;49.84148;0.03482153
D:\PSI_Document\Robot_ND\RobotND\L2-SSR_Submission-CN_DavidD\record_data\IMG\robocam_2017_09_09_16_21_53_039.jpg;0;0;0;1.784721;103.5398;90.18029;0.1960391;49.84157;0.05131672
D:\PSI_Document\Robot_ND\RobotND\L2-SSR_Submission-CN_DavidD\record_data\IMG\robocam_2017_09_09_16_21_53_089.jpg;0;0;0;1.778821;103.5844;90.23307;0.07898393;49.84162;0.06092935
D:\PSI_Document\Robot_ND\RobotND\L2-SSR_Submission-CN_DavidD\record_data\IMG\robocam_2017_09_09_16_21_53_141.jpg;0;0;0;1.77285;103.6511;90.31207;359.9085;49.84172;0.07319251
D:\PSI_Document\Robot_ND\RobotND\L2-SSR_Submission-CN_DavidD\record_data\IMG\robocam_2017_09_09_16_21_53_189.jpg;0;0;0;1.76682;103.6955;90.36465;359.8002;49.84179;0.07992438
D:\PSI_Document\Robot_ND\RobotND\L2-SSR_Submission-CN_DavidD\record_data\IMG\robocam_2017_09_09_16_21_53_242.jpg;0;0;0;1.762487;103.7626;90.44353;359.6727;49.83204;0.06220649
D:\PSI_Document\Robot_ND\RobotND\L2-SSR_Submission-CN_DavidD\record_data\IMG\robocam_2017_09_09_16_21_53_304.jpg;0;0;0;1.758144;103.8295;90.52252;359.5682;49.82608;0.04101481
D:\PSI_Document\Robot_ND\RobotND\L2-SSR_Submission-CN_DavidD\record_data\IMG\robocam_2017_09_09_16_21_53_354.jpg;0;0;0;1.749697;103.8963;90.60159;359.4838;49.8238;0.01899374
D:\PSI_Document\Robot_ND\RobotND\L2-SSR_Submission-CN_DavidD\record_data\IMG\robocam_2017_09_09_16_21_53_405.jpg;0;0;0;1.745454;103.941;90.65429;359.4451;49.81921;-0.005425331
D:\PSI_Document\Robot_ND\RobotND\L2-SSR_Submission-CN_DavidD\record_data\IMG\robocam_2017_09_09_16_21_53_455.jpg;0;0;0;1.73918;104.0077;90.73356;359.4028;49.82217;359.9764
D:\PSI_Document\Robot_ND\RobotND\L2-SSR_Submission-CN_DavidD\record_data\IMG\robocam_2017_09_09_16_21_53_504.jpg;0;0;0;1.734653;104.0522;90.78638;359.3869;49.8242;359.969
D:\PSI_Document\Robot_ND\RobotND\L2-SSR_Submission-CN_DavidD\record_data\IMG\robocam_2017_09_09_16_21_53_570.jpg;0;0;0;1.728583;104.1189;90.86543;359.3708;49.82477;359.9576
D:\PSI_Document\Robot_ND\RobotND\L2-SSR_Submission-CN_DavidD\record_data\IMG\robocam_2017_09_09_16_21_53_621.jpg;0;0;0;1.722117;104.1855;90.94463;359.3798;49.8302;359.9641
D:\PSI_Document\Robot_ND\RobotND\L2-SSR_Submission-CN_DavidD\record_data\IMG\robocam_2017_09_09_16_21_53_672.jpg;0;0;0;1.716119;104.2299;90.99723;359.3882;49.83065;359.9651
D:\PSI_Document\Robot_ND\RobotND\L2-SSR_Submission-CN_DavidD\record_data\IMG\robocam_2017_09_09_16_21_53_720.jpg;0;0;0;1.712146;104.2963;91.07596;359.4049;49.83077;359.967
D:\PSI_Document\Robot_ND\RobotND\L2-SSR_Submission-CN_DavidD\record_data\IMG\robocam_2017_09_09_16_21_53_771.jpg;0;0;0;1.706216;104.3405;91.12833;359.4184;49.83079;359.9686
D:\PSI_Document\Robot_ND\RobotND\L2-SSR_Submission-CN_DavidD\record_data\IMG\robocam_2017_09_09_16_21_53_841.jpg;0;0;0;1.702282;104.4286;91.23293;359.4577;49.8341;359.981
D:\PSI_Document\Robot_ND\RobotND\L2-SSR_Submission-CN_DavidD\record_data\IMG\robocam_2017_09_09_16_21_53_890.jpg;0;0;0;1.694149;104.4726;91.28506;359.4816;49.83471;359.9883
D:\PSI_Document\Robot_ND\RobotND\L2-SSR_Submission-CN_DavidD\record_data\IMG\robocam_2017_09_09_16_21_53_940.jpg;0;0;0;1.690267;104.5385;91.36304;359.5171;49.83487;-0.001871965
D:\PSI_Document\Robot_ND\RobotND\L2-SSR_Submission-CN_DavidD\record_data\IMG\robocam_2017_09_09_16_21_53_989.jpg;0;0;0;1.686402;104.5822;91.41486;359.54;49.8349;0.004218498
D:\PSI_Document\Robot_ND\RobotND\L2-SSR_Submission-CN_DavidD\record_data\IMG\robocam_2017_09_09_16_21_54_039.jpg;0;0;0;1.680635;104.6476;91.49235;359.5728;49.8349;0.0125681
D:\PSI_Document\Robot_ND\RobotND\L2-SSR_Submission-CN_DavidD\record_data\IMG\robocam_2017_09_09_16_21_54_090.jpg;0;0;0;1.674901;104.6911;91.54384;359.5931;49.8349;0.01757543
D:\PSI_Document\Robot_ND\RobotND\L2-SSR_Submission-CN_DavidD\record_data\IMG\robocam_2017_09_09_16_21_54_141.jpg;0;0;0;1.671097;104.7561;91.62082;359.6211;49.8349;0.02420352
D:\PSI_Document\Robot_ND\RobotND\L2-SSR_Submission-CN_DavidD\record_data\IMG\robocam_2017_09_09_16_21_54_189.jpg;0;0;0;1.665414;104.7993;91.67197;359.6377;49.8349;0.02801746
D:\PSI_Document\Robot_ND\RobotND\L2-SSR_Submission-CN_DavidD\record_data\IMG\robocam_2017_09_09_16_21_54_240.jpg;0;0;0;1.661642;104.8638;91.74844;359.6596;49.83491;0.0328187
D:\PSI_Document\Robot_ND\RobotND\L2-SSR_Submission-CN_DavidD\record_data\IMG\robocam_2017_09_09_16_21_54_290.jpg;0;0;0;1.656005;104.9067;91.79926;359.6721;49.83491;0.0354078
D:\PSI_Document\Robot_ND\RobotND\L2-SSR_Submission-CN_DavidD\record_data\IMG\robocam_2017_09_09_16_21_54_338.jpg;0;0;0;1.65226;104.9709;91.87521;359.6898;49.83359;0.03534441
D:\PSI_Document\Robot_ND\RobotND\L2-SSR_Submission-CN_DavidD\record_data\IMG\robocam_2017_09_09_16_21_54_388.jpg;0;0;0;1.648388;105.0136;91.9257;359.702;49.83288;0.03338159
D:\PSI_Document\Robot_ND\RobotND\L2-SSR_Submission-CN_DavidD\record_data\IMG\robocam_2017_09_09_16_21_54_441.jpg;0;0;0;1.642806;105.0773;92.00121;359.7162;49.83271;0.03069691
D:\PSI_Document\Robot_ND\RobotND\L2-SSR_Submission-CN_DavidD\record_data\IMG\robocam_2017_09_09_16_21_54_487.jpg;0;0;0;1.637251;105.1197;92.05138;359.7232;49.8327;0.02872219
D:\PSI_Document\Robot_ND\RobotND\L2-SSR_Submission-CN_DavidD\record_data\IMG\robocam_2017_09_09_16_21_54_555.jpg;0;0;0;1.63356;105.204;92.1513;359.7313;49.8327;0.02438165
D:\PSI_Document\Robot_ND\RobotND\L2-SSR_Submission-CN_DavidD\record_data\IMG\robocam_2017_09_09_16_21_54_605.jpg;0;0;0;1.628038;105.246;92.20105;359.7327;49.8327;0.02206915
D:\PSI_Document\Robot_ND\RobotND\L2-SSR_Submission-CN_DavidD\record_data\IMG\robocam_2017_09_09_16_21_54_656.jpg;0;0;0;1.622532;105.3089;92.27543;359.7339;49.83154;0.01584518
D:\PSI_Document\Robot_ND\RobotND\L2-SSR_Submission-CN_DavidD\record_data\IMG\robocam_2017_09_09_16_21_54_705.jpg;0;0;0;1.620663;105.3506;92.32489;359.735;49.83093;0.01049521
D:\PSI_Document\Robot_ND\RobotND\L2-SSR_Submission-CN_DavidD\record_data\IMG\robocam_2017_09_09_16_21_54_754.jpg;0;0;0;1.613277;105.4131;92.39885;359.7339;49.83077;0.003424383
D:\PSI_Document\Robot_ND\RobotND\L2-SSR_Submission-CN_DavidD\record_data\IMG\robocam_2017_09_09_16_21_54_805.jpg;0;0;0;1.609635;105.4545;92.44799;359.7313;49.83076;-0.0009532286
D:\PSI_Document\Robot_ND\RobotND\L2-SSR_Submission-CN_DavidD\record_data\IMG\robocam_2017_09_09_16_21_54_854.jpg;0;0;0;1.606;105.5165;92.52153;359.7278;49.83213;-0.003824675
D:\PSI_Document\Robot_ND\RobotND\L2-SSR_Submission-CN_DavidD\record_data\IMG\robocam_2017_09_09_16_21_54_904.jpg;0;0;0;1.600425;105.5578;92.57042;359.7266;49.83284;-0.0041106
D:\PSI_Document\Robot_ND\RobotND\L2-SSR_Submission-CN_DavidD\record_data\IMG\robocam_2017_09_09_16_21_54_955.jpg;0;0;0;1.594999;105.6195;92.64349;359.7225;49.83301;-0.005016339
D:\PSI_Document\Robot_ND\RobotND\L2-SSR_Submission-CN_DavidD\record_data\IMG\robocam_2017_09_09_16_21_55_006.jpg;0;0;0;1.591392;105.6604;92.69206;359.7185;49.83303;-0.00554546
D:\PSI_Document\Robot_ND\RobotND\L2-SSR_Submission-CN_DavidD\record_data\IMG\robocam_2017_09_09_16_21_55_055.jpg;0;0;0;1.585866;105.7217;92.76481;359.7173;49.83504;8.299713E-05
D:\PSI_Document\Robot_ND\RobotND\L2-SSR_Submission-CN_DavidD\record_data\IMG\robocam_2017_09_09_16_21_55_105.jpg;0;0;0;1.582275;105.7625;92.81311;359.7149;49.83518;0.002350261
D:\PSI_Document\Robot_ND\RobotND\L2-SSR_Submission-CN_DavidD\record_data\IMG\robocam_2017_09_09_16_21_55_155.jpg;0;0;0;1.576906;105.8235;92.88534;359.7096;49.83522;0.005395459
D:\PSI_Document\Robot_ND\RobotND\L2-SSR_Submission-CN_DavidD\record_data\IMG\robocam_2017_09_09_16_21_55_221.jpg;0;0;0;1.573289;105.8844;92.95734;359.7095;49.83308;0.001406323
D:\PSI_Document\Robot_ND\RobotND\L2-SSR_Submission-CN_DavidD\record_data\IMG\robocam_2017_09_09_16_21_55_271.jpg;0;0;0;1.566079;105.9248;93.00522;359.7079;49.83294;0.000274285
D:\PSI_Document\Robot_ND\RobotND\L2-SSR_Submission-CN_DavidD\record_data\IMG\robocam_2017_09_09_16_21_55_322.jpg;0;0;0;1.562532;105.9852;93.0768;359.7039;49.8329;-0.001243365
D:\PSI_Document\Robot_ND\RobotND\L2-SSR_Submission-CN_DavidD\record_data\IMG\robocam_2017_09_09_16_21_55_371.jpg;0;0;0;1.55709;106.0253;93.12447;359.7047;49.83458;0.002398255
D:\PSI_Document\Robot_ND\RobotND\L2-SSR_Submission-CN_DavidD\record_data\IMG\robocam_2017_09_09_16_21_55_421.jpg;0;0;0;1.555323;106.0854;93.19569;359.704;49.83493;0.005345528
D:\PSI_Document\Robot_ND\RobotND\L2-SSR_Submission-CN_DavidD\record_data\IMG\robocam_2017_09_09_16_21_55_471.jpg;0;0;0;1.548282;106.1254;93.24303;359.7025;49.83496;0.007019709
D:\PSI_Document\Robot_ND\RobotND\L2-SSR_Submission-CN_DavidD\record_data\IMG\robocam_2017_09_09_16_21_55_522.jpg;0;0;0;1.544726;106.1852;93.31382;359.7034;49.83317;0.004392951
D:\PSI_Document\Robot_ND\RobotND\L2-SSR_Submission-CN_DavidD\record_data\IMG\robocam_2017_09_09_16_21_55_570.jpg;0;0;0;1.539389;106.225;93.36091;359.7041;49.83287;0.00280443
D:\PSI_Document\Robot_ND\RobotND\L2-SSR_Submission-CN_DavidD\record_data\IMG\robocam_2017_09_09_16_21_55_625.jpg;0;0;0;1.5359;106.2844;93.43132;359.7035;49.83281;0.0007241697
D:\PSI_Document\Robot_ND\RobotND\L2-SSR_Submission-CN_DavidD\record_data\IMG\robocam_2017_09_09_16_21_55_674.jpg;0;0;0;1.530682;106.3436;93.50147;359.7012;49.8328;-0.00117108
D:\PSI_Document\Robot_ND\RobotND\L2-SSR_Submission-CN_DavidD\record_data\IMG\robocam_2017_09_09_16_21_55_723.jpg;0;0;0;1.527164;106.383;93.54817;359.7036;49.83357;-0.0001951165
D:\PSI_Document\Robot_ND\RobotND\L2-SSR_Submission-CN_DavidD\record_data\IMG\robocam_2017_09_09_16_21_55_772.jpg;0;0;0;1.52361;106.4223;93.59474;359.7046;49.83372;0.0001239189
D:\PSI_Document\Robot_ND\RobotND\L2-SSR_Submission-CN_DavidD\record_data\IMG\robocam_2017_09_09_16_21_55_821.jpg;0;0;0;1.518432;106.4811;93.66436;359.7046;49.83375;0.000482762
D:\PSI_Document\Robot_ND\RobotND\L2-SSR_Submission-CN_DavidD\record_data\IMG\robocam_2017_09_09_16_21_55_872.jpg;-0.7798516;0;0;1.513273;106.5201;93.71063;359.7037;49.83376;0.0006952345
D:\PSI_Document\Robot_ND\RobotND\L2-SSR_Submission-CN_DavidD\record_data\IMG\robocam_2017_09_09_16_21_55_922.jpg;-3.04113;0;0;1.509509;106.5794;93.77917;359.7061;49.66974;359.9806
D:\PSI_Document\Robot_ND\RobotND\L2-SSR_Submission-CN_DavidD\record_data\IMG\robocam_2017_09_09_16_21_55_971.jpg;-5.265606;0;0;1.503697;106.6194;93.82415;359.7071;49.44805;359.9499
D:\PSI_Document\Robot_ND\RobotND\L2-SSR_Submission-CN_DavidD\record_data\IMG\robocam_2017_09_09_16_21_56_021.jpg;-7.493759;0;0;1.498646;106.6808;93.89013;359.7149;48.86501;359.8723
D:\PSI_Document\Robot_ND\RobotND\L2-SSR_Submission-CN_DavidD\record_data\IMG\robocam_2017_09_09_16_21_56_071.jpg;-9.774769;0;0;1.491253;106.7224;93.93316;359.7255;48.3429;359.8054
D:\PSI_Document\Robot_ND\RobotND\L2-SSR_Submission-CN_DavidD\record_data\IMG\robocam_2017_09_09_16_21_56_121.jpg;-12.06441;0;0;1.48511;106.7865;93.9957;359.7482;47.32094;359.6719
D:\PSI_Document\Robot_ND\RobotND\L2-SSR_Submission-CN_DavidD\record_data\IMG\robocam_2017_09_09_16_21_56_171.jpg;-13.52604;0;0;1.479015;106.8302;94.03601;359.767;46.51302;359.5645
D:\PSI_Document\Robot_ND\RobotND\L2-SSR_Submission-CN_DavidD\record_data\IMG\robocam_2017_09_09_16_21_56_221.jpg;-15;0;0;1.468888;106.8972;94.09412;359.7995;45.12238;359.3767
D:\PSI_Document\Robot_ND\RobotND\L2-SSR_Submission-CN_DavidD\record_data\IMG\robocam_2017_09_09_16_21_56_270.jpg;-15;0;0;1.46064;106.9425;94.13181;359.8284;44.17431;359.2526
D:\PSI_Document\Robot_ND\RobotND\L2-SSR_Submission-CN_DavidD\record_data\IMG\robocam_2017_09_09_16_21_56_321.jpg;-15;0;0;1.45541;107.0113;94.18681;359.8817;42.7547;359.0737
D:\PSI_Document\Robot_ND\RobotND\L2-SSR_Submission-CN_DavidD\record_data\IMG\robocam_2017_09_09_16_21_56_371.jpg;-12.75919;0;0;1.449302;107.0575;94.22282;359.925;41.86227;358.9699
D:\PSI_Document\Robot_ND\RobotND\L2-SSR_Submission-CN_DavidD\record_data\IMG\robocam_2017_09_09_16_21_56_438.jpg;-10.52141;0;0;1.44639;107.1497;94.29458;0.01354005;40.40097;358.8777
D:\PSI_Document\Robot_ND\RobotND\L2-SSR_Submission-CN_DavidD\record_data\IMG\robocam_2017_09_09_16_21_56_488.jpg;-7.518841;0;0;1.442275;107.1947;94.32982;-0.001593969;39.82541;358.9043
D:\PSI_Document\Robot_ND\RobotND\L2-SSR_Submission-CN_DavidD\record_data\IMG\robocam_2017_09_09_16_21_56_538.jpg;-5.275871;0;0;1.439248;107.2626;94.38236;359.9826;39.20096;358.9917
D:\PSI_Document\Robot_ND\RobotND\L2-SSR_Submission-CN_DavidD\record_data\IMG\robocam_2017_09_09_16_21_56_588.jpg;-2.988267;0;0;1.436347;107.3077;94.41726;359.9687;38.91889;359.0589
D:\PSI_Document\Robot_ND\RobotND\L2-SSR_Submission-CN_DavidD\record_data\IMG\robocam_2017_09_09_16_21_56_638.jpg;-0.7601143;0;0;1.431784;107.3747;94.46999;359.939;38.71592;359.1842
D:\PSI_Document\Robot_ND\RobotND\L2-SSR_Submission-CN_DavidD\record_data\IMG\robocam_2017_09_09_16_21_56_688.jpg;0;0;0;1.428477;107.419;94.50536;359.9149;38.68954;359.281
D:\PSI_Document\Robot_ND\RobotND\L2-SSR_Submission-CN_DavidD\record_data\IMG\robocam_2017_09_09_16_21_56_738.jpg;0;0;0;1.42369;107.4851;94.55826;359.8758;38.68341;359.4284
D:\PSI_Document\Robot_ND\RobotND\L2-SSR_Submission-CN_DavidD\record_data\IMG\robocam_2017_09_09_16_21_56_788.jpg;0;0;0;1.420502;107.5291;94.5934;359.8487;38.68275;359.5258
D:\PSI_Document\Robot_ND\RobotND\L2-SSR_Submission-CN_DavidD\record_data\IMG\robocam_2017_09_09_16_21_56_839.jpg;0;0;0;1.415693;107.5949;94.64594;359.8074;38.6824;359.6687
D:\PSI_Document\Robot_ND\RobotND\L2-SSR_Submission-CN_DavidD\record_data\IMG\robocam_2017_09_09_16_21_56_888.jpg;0;0;0;1.41247;107.6386;94.68085;359.7802;38.68227;359.7607
D:\PSI_Document\Robot_ND\RobotND\L2-SSR_Submission-CN_DavidD\record_data\IMG\robocam_2017_09_09_16_21_56_938.jpg;0;0;0;1.407616;107.704;94.73309;359.7408;38.68217;359.8919
D:\PSI_Document\Robot_ND\RobotND\L2-SSR_Submission-CN_DavidD\record_data\IMG\robocam_2017_09_09_16_21_56_988.jpg;0;0;0;1.40437;107.7476;94.76783;359.7159;38.68214;359.9741
D:\PSI_Document\Robot_ND\RobotND\L2-SSR_Submission-CN_DavidD\record_data\IMG\robocam_2017_09_09_16_21_57_038.jpg;0;0;0;1.399492;107.8127;94.81979;359.6811;38.68214;0.08830355
D:\PSI_Document\Robot_ND\RobotND\L2-SSR_Submission-CN_DavidD\record_data\IMG\robocam_2017_09_09_16_21_57_088.jpg;0;0;0;1.396237;107.856;94.85435;359.6601;38.68217;0.1577555
D:\PSI_Document\Robot_ND\RobotND\L2-SSR_Submission-CN_DavidD\record_data\IMG\robocam_2017_09_09_16_21_57_138.jpg;0;0;0;1.391223;107.9212;94.90607;359.6449;38.67686;0.2371451
D:\PSI_Document\Robot_ND\RobotND\L2-SSR_Submission-CN_DavidD\record_data\IMG\robocam_2017_09_09_16_21_57_188.jpg;0;0;0;1.387604;107.9647;94.94056;359.6463;38.67305;0.2764387
D:\PSI_Document\Robot_ND\RobotND\L2-SSR_Submission-CN_DavidD\record_data\IMG\robocam_2017_09_09_16_21_57_238.jpg;-2.262239;0;0;1.382512;108.0301;94.99174;359.6537;38.56875;0.3080818
D:\PSI_Document\Robot_ND\RobotND\L2-SSR_Submission-CN_DavidD\record_data\IMG\robocam_2017_09_09_16_21_57_289.jpg;-4.485847;0;0;1.37903;108.0741;95.02512;359.6591;38.37809;0.3042676
D:\PSI_Document\Robot_ND\RobotND\L2-SSR_Submission-CN_DavidD\record_data\IMG\robocam_2017_09_09_16_21_57_338.jpg;-6.771234;0;0;1.373243;108.1409;95.07368;359.6634;37.87563;0.2561878
D:\PSI_Document\Robot_ND\RobotND\L2-SSR_Submission-CN_DavidD\record_data\IMG\robocam_2017_09_09_16_21_57_389.jpg;-9.015552;0;0;1.369212;108.1859;95.10494;359.6635;37.40918;0.1964494
D:\PSI_Document\Robot_ND\RobotND\L2-SSR_Submission-CN_DavidD\record_data\IMG\robocam_2017_09_09_16_21_57_439.jpg;-9.784818;0;0;1.361935;108.2541;95.15002;359.6594;36.52643;0.06746436
D:\PSI_Document\Robot_ND\RobotND\L2-SSR_Submission-CN_DavidD\record_data\IMG\robocam_2017_09_09_16_21_57_488.jpg;-7.578243;0;0;1.358881;108.2996;95.17979;359.6583;35.98983;359.9827
D:\PSI_Document\Robot_ND\RobotND\L2-SSR_Submission-CN_DavidD\record_data\IMG\robocam_2017_09_09_16_21_57_538.jpg;-6.078638;0;0;1.356553;108.3676;95.22458;359.6599;35.36982;359.8723
D:\PSI_Document\Robot_ND\RobotND\L2-SSR_Submission-CN_DavidD\record_data\IMG\robocam_2017_09_09_16_21_57_588.jpg;-3.067234;0;0;1.352499;108.4125;95.25467;359.6624;35.08833;359.8145
D:\PSI_Document\Robot_ND\RobotND\L2-SSR_Submission-CN_DavidD\record_data\IMG\robocam_2017_09_09_16_21_57_638.jpg;-0.8445863;0;0;1.348154;108.4794;95.30064;359.6803;34.89156;359.7712
D:\PSI_Document\Robot_ND\RobotND\L2-SSR_Submission-CN_DavidD\record_data\IMG\robocam_2017_09_09_16_21_57_689.jpg;0;0;0;1.345095;108.5237;95.3316;359.6949;34.86625;359.7601
D:\PSI_Document\Robot_ND\RobotND\L2-SSR_Submission-CN_DavidD\record_data\IMG\robocam_2017_09_09_16_21_57_738.jpg;0;0;0;1.340403;108.5899;95.37781;359.7134;34.86069;359.7472
D:\PSI_Document\Robot_ND\RobotND\L2-SSR_Submission-CN_DavidD\record_data\IMG\robocam_2017_09_09_16_21_57_788.jpg;0;0;0;1.33736;108.6339;95.40857;359.7264;34.86149;359.7448
D:\PSI_Document\Robot_ND\RobotND\L2-SSR_Submission-CN_DavidD\record_data\IMG\robocam_2017_09_09_16_21_57_837.jpg;0;0;0;1.332701;108.6998;95.45451;359.7453;34.86195;359.746
D:\PSI_Document\Robot_ND\RobotND\L2-SSR_Submission-CN_DavidD\record_data\IMG\robocam_2017_09_09_16_21_57_888.jpg;0;0;0;1.329689;108.7435;95.48502;359.7557;34.86196;359.7494
D:\PSI_Document\Robot_ND\RobotND\L2-SSR_Submission-CN_DavidD\record_data\IMG\robocam_2017_09_09_16_21_57_938.jpg;0;0;0;1.325191;108.8089;95.53063;359.7682;34.86192;359.7584
D:\PSI_Document\Robot_ND\RobotND\L2-SSR_Submission-CN_DavidD\record_data\IMG\robocam_2017_09_09_16_21_57_988.jpg;0;0;0;1.322204;108.8524;95.56093;359.7744;34.86189;359.7667
D:\PSI_Document\Robot_ND\RobotND\L2-SSR_Submission-CN_DavidD\record_data\IMG\robocam_2017_09_09_16_21_58_038.jpg;0;0.0510245;0;1.317669;108.9174;95.60629;359.7846;34.86295;359.7857
D:\PSI_Document\Robot_ND\RobotND\L2-SSR_Submission-CN_DavidD\record_data\IMG\robocam_2017_09_09_16_21_58_088.jpg;0;0.2024341;0;1.316521;108.9607;95.63651;359.7939;34.863;359.7992
D:\PSI_Document\Robot_ND\RobotND\L2-SSR_Submission-CN_DavidD\record_data\IMG\robocam_2017_09_09_16_21_58_138.jpg;0;0.352304;0;1.323938;109.0264;95.68226;359.8264;34.86303;359.8213
D:\PSI_Document\Robot_ND\RobotND\L2-SSR_Submission-CN_DavidD\record_data\IMG\robocam_2017_09_09_16_21_58_189.jpg;0;0.501924;0;1.33309;109.0708;95.71321;359.8662;34.86307;359.8369
D:\PSI_Document\Robot_ND\RobotND\L2-SSR_Submission-CN_DavidD\record_data\IMG\robocam_2017_09_09_16_21_58_238.jpg;0;0.6498271;0;1.355284;109.1389;95.76067;359.9637;34.86315;359.8614
D:\PSI_Document\Robot_ND\RobotND\L2-SSR_Submission-CN_DavidD\record_data\IMG\robocam_2017_09_09_16_21_58_288.jpg;0;0.8014091;0;1.374226;109.1856;95.79315;0.05754166;34.86323;359.8781
D:\PSI_Document\Robot_ND\RobotND\L2-SSR_Submission-CN_DavidD\record_data\IMG\robocam_2017_09_09_16_21_58_338.jpg;0;0.9503997;0;1.411134;109.2578;95.84345;0.2486503;34.86337;359.9032
D:\PSI_Document\Robot_ND\RobotND\L2-SSR_Submission-CN_DavidD\record_data\IMG\robocam_2017_09_09_16_21_58_389.jpg;0;1;0;1.439966;109.3073;95.87819;0.3973146;34.8685;359.9327
D:\PSI_Document\Robot_ND\RobotND\L2-SSR_Submission-CN_DavidD\record_data\IMG\robocam_2017_09_09_16_21_58_438.jpg;0;1;0;1.485273;109.3839;95.93187;0.6467302;34.87755;359.989
D:\PSI_Document\Robot_ND\RobotND\L2-SSR_Submission-CN_DavidD\record_data\IMG\robocam_2017_09_09_16_21_58_488.jpg;0;1;0;1.515553;109.4365;95.96825;0.8222371;34.8721;0.002890028
D:\PSI_Document\Robot_ND\RobotND\L2-SSR_Submission-CN_DavidD\record_data\IMG\robocam_2017_09_09_16_21_58_538.jpg;0;1;0;1.561217;109.5175;96.02402;1.089376;34.85895;-0.0004415875
D:\PSI_Document\Robot_ND\RobotND\L2-SSR_Submission-CN_DavidD\record_data\IMG\robocam_2017_09_09_16_21_58_589.jpg;0;1;0;1.591619;109.5727;96.06219;1.267103;34.8533;-0.0007861442
D:\PSI_Document\Robot_ND\RobotND\L2-SSR_Submission-CN_DavidD\record_data\IMG\robocam_2017_09_09_16_21_58_639.jpg;0;1;0;1.634799;109.6552;96.11919;1.395148;34.8412;-0.003486938
D:\PSI_Document\Robot_ND\RobotND\L2-SSR_Submission-CN_DavidD\record_data\IMG\robocam_2017_09_09_16_21_58_689.jpg;0;1;0;1.656399;109.7091;96.15643;1.30861;34.83282;-0.002150416
D:\PSI_Document\Robot_ND\RobotND\L2-SSR_Submission-CN_DavidD\record_data\IMG\robocam_2017_09_09_16_21_58_739.jpg;0;0.9495494;0;1.724386;109.793;96.2143;1.21784;34.82145;-0.000465305
D:\PSI_Document\Robot_ND\RobotND\L2-SSR_Submission-CN_DavidD\record_data\IMG\robocam_2017_09_09_16_21_58_788.jpg;0;0.8003728;0;1.75173;109.8504;96.25388;1.183363;34.81389;-0.0004580405
D:\PSI_Document\Robot_ND\RobotND\L2-SSR_Submission-CN_DavidD\record_data\IMG\robocam_2017_09_09_16_21_58_839.jpg;0;0.6514882;0;1.784261;109.9381;96.31437;1.153633;34.80302;-0.0004562744
D:\PSI_Document\Robot_ND\RobotND\L2-SSR_Submission-CN_DavidD\record_data\IMG\robocam_2017_09_09_16_21_58_888.jpg;0;0.4958184;0;1.809188;109.9974;96.35525;1.140753;34.79598;-0.0004497077
D:\PSI_Document\Robot_ND\RobotND\L2-SSR_Submission-CN_DavidD\record_data\IMG\robocam_2017_09_09_16_21_58_939.jpg;0;0.3466751;0;1.820154;110.087;96.41702;1.117547;34.78567;-0.0004173612
D:\PSI_Document\Robot_ND\RobotND\L2-SSR_Submission-CN_DavidD\record_data\IMG\robocam_2017_09_09_16_21_58_988.jpg;0;0.2012957;0;1.827514;110.1469;96.45828;1.092955;34.77892;-0.0003900854
D:\PSI_Document\Robot_ND\RobotND\L2-SSR_Submission-CN_DavidD\record_data\IMG\robocam_2017_09_09_16_21_59_038.jpg;0;0.05236543;0;1.830143;110.2365;96.52;1.032386;34.76899;-0.0003107707
D:\PSI_Document\Robot_ND\RobotND\L2-SSR_Submission-CN_DavidD\record_data\IMG\robocam_2017_09_09_16_21_59_088.jpg;0;0;0;1.827606;110.2959;96.56089;0.97388;34.76258;-0.0002647614
D:\PSI_Document\Robot_ND\RobotND\L2-SSR_Submission-CN_DavidD\record_data\IMG\robocam_2017_09_09_16_21_59_138.jpg;0;0;0;1.822263;110.3843;96.62183;0.8627044;34.75332;-9.806168E-05
D:\PSI_Document\Robot_ND\RobotND\L2-SSR_Submission-CN_DavidD\record_data\IMG\robocam_2017_09_09_16_21_59_190.jpg;0;0;0;1.818473;110.443;96.66223;0.7764744;34.74734;7.96217E-05
D:\PSI_Document\Robot_ND\RobotND\L2-SSR_Submission-CN_DavidD\record_data\IMG\robocam_2017_09_09_16_21_59_238.jpg;0;0;0;1.812746;110.5305;96.72258;0.6343832;34.7405;0.004473568
D:\PSI_Document\Robot_ND\RobotND\L2-SSR_Submission-CN_DavidD\record_data\IMG\robocam_2017_09_09_16_21_59_288.jpg;0;0;0;1.8089;110.5885;96.7627;0.5341034;34.73779;0.01084145
D:\PSI_Document\Robot_ND\RobotND\L2-SSR_Submission-CN_DavidD\record_data\IMG\robocam_2017_09_09_16_21_59_339.jpg;0;0;0;1.803085;110.6753;96.82275;0.379927;34.73661;0.0254628
D:\PSI_Document\Robot_ND\RobotND\L2-SSR_Submission-CN_DavidD\record_data\IMG\robocam_2017_09_09_16_21_59_389.jpg;0;0;0;1.799177;110.7329;96.86267;0.2746584;34.73667;0.03585439
D:\PSI_Document\Robot_ND\RobotND\L2-SSR_Submission-CN_DavidD\record_data\IMG\robocam_2017_09_09_16_21_59_439.jpg;0;0;0;1.793256;110.819;96.92236;0.1148448;34.73674;0.04967371
D:\PSI_Document\Robot_ND\RobotND\L2-SSR_Submission-CN_DavidD\record_data\IMG\robocam_2017_09_09_16_21_59_489.jpg;0;0;0;1.78927;110.8763;96.96206;0.009355889;34.7368;0.05763916
D:\PSI_Document\Robot_ND\RobotND\L2-SSR_Submission-CN_DavidD\record_data\IMG\robocam_2017_09_09_16_21_59_538.jpg;0;0;0;1.783243;110.962;97.02148;359.8562;34.73687;0.06767975
D:\PSI_Document\Robot_ND\RobotND\L2-SSR_Submission-CN_DavidD\record_data\IMG\robocam_2017_09_09_16_21_59_588.jpg;0;0;0;1.779197;111.0193;97.06096;359.7677;34.73234;0.06258052
D:\PSI_Document\Robot_ND\RobotND\L2-SSR_Submission-CN_DavidD\record_data\IMG\robocam_2017_09_09_16_21_59_639.jpg;0;0;0;1.772738;111.1053;97.12026;359.6555;34.72584;0.04760538
D:\PSI_Document\Robot_ND\RobotND\L2-SSR_Submission-CN_DavidD\record_data\IMG\robocam_2017_09_09_16_21_59_689.jpg;0;0;0;1.768482;111.1626;97.15981;359.5945;34.72165;0.03214313
D:\PSI_Document\Robot_ND\RobotND\L2-SSR_Submission-CN_DavidD\record_data\IMG\robocam_2017_09_09_16_21_59_738.jpg;0;0;0;1.762076;111.2484;97.21922;359.5158;34.71948;0.01126325
D:\PSI_Document\Robot_ND\RobotND\L2-SSR_Submission-CN_DavidD\record_data\IMG\robocam_2017_09_09_16_21_59_789.jpg;0;0;0;1.75784;111.3057;97.25877;359.4795;34.71521;359.9883
D:\PSI_Document\Robot_ND\RobotND\L2-SSR_Submission-CN_DavidD\record_data\IMG\robocam_2017_09_09_16_21_59_839.jpg;0;0;0;1.75135;111.3914;97.3184;359.4427;34.71859;359.9742
D:\PSI_Document\Robot_ND\RobotND\L2-SSR_Submission-CN_DavidD\record_data\IMG\robocam_2017_09_09_16_21_59_889.jpg;0;0;0;1.747065;111.4486;97.35803;359.4262;34.71945;359.966
D:\PSI_Document\Robot_ND\RobotND\L2-SSR_Submission-CN_DavidD\record_data\IMG\robocam_2017_09_09_16_21_59_938.jpg;0;0;0;1.740987;111.5342;97.41753;359.4141;34.7229;359.9622
D:\PSI_Document\Robot_ND\RobotND\L2-SSR_Submission-CN_DavidD\record_data\IMG\robocam_2017_09_09_16_21_59_989.jpg;0;0;0;1.736544;111.5912;97.45715;359.4158;34.7247;359.9635
D:\PSI_Document\Robot_ND\RobotND\L2-SSR_Submission-CN_DavidD\record_data\IMG\robocam_2017_09_09_16_22_00_038.jpg;0;0;0;1.73051;111.6767;97.51637;359.4228;34.72519;359.9645
D:\PSI_Document\Robot_ND\RobotND\L2-SSR_Submission-CN_DavidD\record_data\IMG\robocam_2017_09_09_16_22_00_089.jpg;0;0;0;1.726512;111.7335;97.55577;359.43;34.72524;359.9654
D:\PSI_Document\Robot_ND\RobotND\L2-SSR_Submission-CN_DavidD\record_data\IMG\robocam_2017_09_09_16_22_00_138.jpg;0;0;0;1.720542;111.8185;97.61484;359.4485;34.72766;359.9728
D:\PSI_Document\Robot_ND\RobotND\L2-SSR_Submission-CN_DavidD\record_data\IMG\robocam_2017_09_09_16_22_00_189.jpg;0;0;0;1.716257;111.8752;97.65414;359.4672;34.72905;359.9807
D:\PSI_Document\Robot_ND\RobotND\L2-SSR_Submission-CN_DavidD\record_data\IMG\robocam_2017_09_09_16_22_00_238.jpg;0;0;0;1.710341;111.9599;97.71289;359.496;34.72942;359.9907
D:\PSI_Document\Robot_ND\RobotND\L2-SSR_Submission-CN_DavidD\record_data\IMG\robocam_2017_09_09_16_22_00_289.jpg;0;0;0;1.706421;112.0163;97.75193;359.5152;34.72946;-0.003100017
D:\PSI_Document\Robot_ND\RobotND\L2-SSR_Submission-CN_DavidD\record_data\IMG\robocam_2017_09_09_16_22_00_339.jpg;0;0;0;1.700572;112.1005;97.81033;359.5434;34.72947;0.005553106
D:\PSI_Document\Robot_ND\RobotND\L2-SSR_Submission-CN_DavidD\record_data\IMG\robocam_2017_09_09_16_22_00_389.jpg;0;0;0;1.69669;112.1566;97.84915;359.5614;34.72947;0.01082721
D:\PSI_Document\Robot_ND\RobotND\L2-SSR_Submission-CN_DavidD\record_data\IMG\robocam_2017_09_09_16_22_00_439.jpg;0;0;0;1.690895;112.2403;97.90719;359.5869;34.72948;0.01793754
D:\PSI_Document\Robot_ND\RobotND\L2-SSR_Submission-CN_DavidD\record_data\IMG\robocam_2017_09_09_16_22_00_488.jpg;0;0;0;1.685129;112.296;97.94576;359.6026;34.72947;0.02212054
D:\PSI_Document\Robot_ND\RobotND\L2-SSR_Submission-CN_DavidD\record_data\IMG\robocam_2017_09_09_16_22_00_540.jpg;0;0;0;1.681301;112.3792;98.00343;359.624;34.72947;0.02753054
D:\PSI_Document\Robot_ND\RobotND\L2-SSR_Submission-CN_DavidD\record_data\IMG\robocam_2017_09_09_16_22_00_589.jpg;0;0;0;1.677485;112.4346;98.04173;359.6396;34.72785;0.0268419
D:\PSI_Document\Robot_ND\RobotND\L2-SSR_Submission-CN_DavidD\record_data\IMG\robocam_2017_09_09_16_22_00_638.jpg;0;0;0;1.67161;112.5173;98.09908;359.6631;34.72689;0.02492097
D:\PSI_Document\Robot_ND\RobotND\L2-SSR_Submission-CN_DavidD\record_data\IMG\robocam_2017_09_09_16_22_00_689.jpg;0;0;0;1.667826;112.5723;98.13719;359.6764;34.7268;0.02380575
D:\PSI_Document\Robot_ND\RobotND\L2-SSR_Submission-CN_DavidD\record_data\IMG\robocam_2017_09_09_16_22_00_739.jpg;0;0;0;1.662174;112.6545;98.19417;359.6927;34.72678;0.02188436
D:\PSI_Document\Robot_ND\RobotND\L2-SSR_Submission-CN_DavidD\record_data\IMG\robocam_2017_09_09_16_22_00_789.jpg;0;0;0;1.658419;112.7092;98.23202;359.7012;34.72678;0.02045184
D:\PSI_Document\Robot_ND\RobotND\L2-SSR_Submission-CN_DavidD\record_data\IMG\robocam_2017_09_09_16_22_00_839.jpg;0;0;0;1.652807;112.7908;98.2886;359.7106;34.72679;0.0181244
D:\PSI_Document\Robot_ND\RobotND\L2-SSR_Submission-CN_DavidD\record_data\IMG\robocam_2017_09_09_16_22_00_889.jpg;0;0;0;1.649076;112.845;98.32619;359.7146;34.72679;0.01648234
D:\PSI_Document\Robot_ND\RobotND\L2-SSR_Submission-CN_DavidD\record_data\IMG\robocam_2017_09_09_16_22_00_939.jpg;0;0;0;1.643495;112.9261;98.3824;359.7175;34.7268;0.01393337
D:\PSI_Document\Robot_ND\RobotND\L2-SSR_Submission-CN_DavidD\record_data\IMG\robocam_2017_09_09_16_22_00_989.jpg;0;0;0;1.639743;112.9801;98.41973;359.7218;34.72512;0.007718871
D:\PSI_Document\Robot_ND\RobotND\L2-SSR_Submission-CN_DavidD\record_data\IMG\robocam_2017_09_09_16_22_01_038.jpg;0;0;0;1.63411;113.0607;98.47562;359.7247;34.72477;0.001219123
D:\PSI_Document\Robot_ND\RobotND\L2-SSR_Submission-CN_DavidD\record_data\IMG\robocam_2017_09_09_16_22_01_089.jpg;0;0;0;1.63042;113.1143;98.51275;359.7247;34.72474;-0.002719967
D:\PSI_Document\Robot_ND\RobotND\L2-SSR_Submission-CN_DavidD\record_data\IMG\robocam_2017_09_09_16_22_01_139.jpg;0;0;0;1.6249;113.1944;98.56827;359.7221;34.72473;359.9919
D:\PSI_Document\Robot_ND\RobotND\L2-SSR_Submission-CN_DavidD\record_data\IMG\robocam_2017_09_09_16_22_01_189.jpg;0;0;0;1.621185;113.2476;98.60526;359.7236;34.72664;359.9937
D:\PSI_Document\Robot_ND\RobotND\L2-SSR_Submission-CN_DavidD\record_data\IMG\robocam_2017_09_09_16_22_01_239.jpg;0;0;0;1.6156;113.3273;98.66047;359.7225;34.72701;359.9937
D:\PSI_Document\Robot_ND\RobotND\L2-SSR_Submission-CN_DavidD\record_data\IMG\robocam_2017_09_09_16_22_01_288.jpg;0;0;0;1.611949;113.3802;98.69716;359.7202;34.72705;359.9936
D:\PSI_Document\Robot_ND\RobotND\L2-SSR_Submission-CN_DavidD\record_data\IMG\robocam_2017_09_09_16_22_01_339.jpg;0;0;0;1.606443;113.4594;98.75211;359.7189;34.7287;-0.001878351
D:\PSI_Document\Robot_ND\RobotND\L2-SSR_Submission-CN_DavidD\record_data\IMG\robocam_2017_09_09_16_22_01_388.jpg;0;0;0;1.602723;113.512;98.7886;359.7179;34.72902;0.001019698
D:\PSI_Document\Robot_ND\RobotND\L2-SSR_Submission-CN_DavidD\record_data\IMG\robocam_2017_09_09_16_22_01_438.jpg;0;0;0;1.597288;113.5907;98.84315;359.7143;34.7291;0.004837248
D:\PSI_Document\Robot_ND\RobotND\L2-SSR_Submission-CN_DavidD\record_data\IMG\robocam_2017_09_09_16_22_01_489.jpg;0;0;0;1.593674;113.6431;98.87939;359.713;34.72782;0.004208169
D:\PSI_Document\Robot_ND\RobotND\L2-SSR_Submission-CN_DavidD\record_data\IMG\robocam_2017_09_09_16_22_01_539.jpg;0;0;0;1.58813;113.7214;98.93365;359.7122;34.72702;0.002491436
D:\PSI_Document\Robot_ND\RobotND\L2-SSR_Submission-CN_DavidD\record_data\IMG\robocam_2017_09_09_16_22_01_588.jpg;0;0;0;1.584535;113.7734;98.96972;359.7103;34.72696;0.001689546
D:\PSI_Document\Robot_ND\RobotND\L2-SSR_Submission-CN_DavidD\record_data\IMG\robocam_2017_09_09_16_22_01_638.jpg;0;0;0;1.579157;113.8513;99.02365;359.7058;34.72694;0.0005682071
D:\PSI_Document\Robot_ND\RobotND\L2-SSR_Submission-CN_DavidD\record_data\IMG\robocam_2017_09_09_16_22_01_688.jpg;0;0;0;1.575529;113.903;99.05953;359.7067;34.72668;-0.0007698339
D:\PSI_Document\Robot_ND\RobotND\L2-SSR_Submission-CN_DavidD\record_data\IMG\robocam_2017_09_09_16_22_01_739.jpg;0;0;0;1.570079;113.9805;99.1132;359.706;34.72665;-0.002027432
D:\PSI_Document\Robot_ND\RobotND\L2-SSR_Submission-CN_DavidD\record_data\IMG\robocam_2017_09_09_16_22_01_789.jpg;0;0;0;1.564747;114.0319;99.14886;359.7044;34.72665;-0.002774574
D:\PSI_Document\Robot_ND\RobotND\L2-SSR_Submission-CN_DavidD\record_data\IMG\robocam_2017_09_09_16_22_01_840.jpg;0;0;0;1.561202;114.1088;99.20224;359.7029;34.72794;-0.0007930596
D:\PSI_Document\Robot_ND\RobotND\L2-SSR_Submission-CN_DavidD\record_data\IMG\robocam_2017_09_09_16_22_01_889.jpg;0;0.05167481;0;1.555763;114.16;99.23773;359.7036;34.72861;0.0019144
D:\PSI_Document\Robot_ND\RobotND\L2-SSR_Submission-CN_DavidD\record_data\IMG\robocam_2017_09_09_16_22_01_939.jpg;0;0.2003107;0;1.555478;114.2368;99.29098;359.7104;34.72877;0.005074988
D:\PSI_Document\Robot_ND\RobotND\L2-SSR_Submission-CN_DavidD\record_data\IMG\robocam_2017_09_09_16_22_01_988.jpg;0;0.3496634;0;1.559035;114.2884;99.32671;359.7269;34.72878;0.006941705
D:\PSI_Document\Robot_ND\RobotND\L2-SSR_Submission-CN_DavidD\record_data\IMG\robocam_2017_09_09_16_22_02_040.jpg;0;0.4995765;0;1.572783;114.3667;99.38102;359.7819;34.72878;0.009405231
D:\PSI_Document\Robot_ND\RobotND\L2-SSR_Submission-CN_DavidD\record_data\IMG\robocam_2017_09_09_16_22_02_089.jpg;0;0.6527632;0;1.594153;114.4199;99.41786;359.8431;34.72876;0.01081759
D:\PSI_Document\Robot_ND\RobotND\L2-SSR_Submission-CN_DavidD\record_data\IMG\robocam_2017_09_09_16_22_02_139.jpg;0;0.8007279;0;1.613991;114.5015;99.4744;359.9803;34.72874;0.01258701
D:\PSI_Document\Robot_ND\RobotND\L2-SSR_Submission-CN_DavidD\record_data\IMG\robocam_2017_09_09_16_22_02_189.jpg;0;0.9488317;0;1.637247;114.5573;99.5131;0.1053062;34.72873;0.01353525
D:\PSI_Document\Robot_ND\RobotND\L2-SSR_Submission-CN_DavidD\record_data\IMG\robocam_2017_09_09_16_22_02_239.jpg;0;1;0;1.679886;114.6436;99.57269;0.3376219;34.72459;0.005312979
D:\PSI_Document\Robot_ND\RobotND\L2-SSR_Submission-CN_DavidD\record_data\IMG\robocam_2017_09_09_16_22_02_289.jpg;0;1;0;1.709573;114.7024;99.61343;0.5040876;34.72281;-0.0009357454
D:\PSI_Document\Robot_ND\RobotND\L2-SSR_Submission-CN_DavidD\record_data\IMG\robocam_2017_09_09_16_22_02_339.jpg;0;1;0;1.754171;114.7928;99.67599;0.7679048;34.722;-0.0007430099
D:\PSI_Document\Robot_ND\RobotND\L2-SSR_Submission-CN_DavidD\record_data\IMG\robocam_2017_09_09_16_22_02_389.jpg;0;1;0;1.783978;114.8543;99.71854;0.9486914;34.71927;-0.0007904359
D:\PSI_Document\Robot_ND\RobotND\L2-SSR_Submission-CN_DavidD\record_data\IMG\robocam_2017_09_09_16_22_02_439.jpg;0;1;0;1.82882;114.9486;99.78353;1.219583;34.7126;-0.0008617595
D:\PSI_Document\Robot_ND\RobotND\L2-SSR_Submission-CN_DavidD\record_data\IMG\robocam_2017_09_09_16_22_02_488.jpg;0;1;0;1.872396;115.0122;99.82734;1.370938;34.70564;-0.00163347
D:\PSI_Document\Robot_ND\RobotND\L2-SSR_Submission-CN_DavidD\record_data\IMG\robocam_2017_09_09_16_22_02_539.jpg;0;1;0;1.899016;115.1063;99.892;1.358279;34.68901;-0.003314106
D:\PSI_Document\Robot_ND\RobotND\L2-SSR_Submission-CN_DavidD\record_data\IMG\robocam_2017_09_09_16_22_02_589.jpg;0;1;0;1.943666;115.1696;99.93549;1.282631;34.67992;-0.0006620005
D:\PSI_Document\Robot_ND\RobotND\L2-SSR_Submission-CN_DavidD\record_data\IMG\robocam_2017_09_09_16_22_02_639.jpg;0;1;0;1.98913;115.2671;100.0023;1.214871;34.66652;-0.0005469649
D:\PSI_Document\Robot_ND\RobotND\L2-SSR_Submission-CN_DavidD\record_data\IMG\robocam_2017_09_09_16_22_02_689.jpg;0;1;0;2.018134;115.3337;100.048;1.197609;34.65793;-0.0005569955
D:\PSI_Document\Robot_ND\RobotND\L2-SSR_Submission-CN_DavidD\record_data\IMG\robocam_2017_09_09_16_22_02_739.jpg;0;0.898132;0;2.060993;115.4358;100.118;1.205842;34.64533;-0.0005993752
D:\PSI_Document\Robot_ND\RobotND\L2-SSR_Submission-CN_DavidD\record_data\IMG\robocam_2017_09_09_16_22_02_789.jpg;0;0.7500959;0;2.08617;115.5052;100.1655;1.225015;34.637;-0.0006105877
D:\PSI_Document\Robot_ND\RobotND\L2-SSR_Submission-CN_DavidD\record_data\IMG\robocam_2017_09_09_16_22_02_840.jpg;0;0.5998231;0;2.115452;115.6104;100.2376;1.257076;34.62435;-0.0006207895
D:\PSI_Document\Robot_ND\RobotND\L2-SSR_Submission-CN_DavidD\record_data\IMG\robocam_2017_09_09_16_22_02_889.jpg;0;0.4501797;0;2.130665;115.681;100.286;1.273183;34.61575;-0.0005953339
D:\PSI_Document\Robot_ND\RobotND\L2-SSR_Submission-CN_DavidD\record_data\IMG\robocam_2017_09_09_16_22_02_940.jpg;0;0.3016078;0;2.144934;115.7873;100.3587;1.276732;34.60263;-0.0005643244
D:\PSI_Document\Robot_ND\RobotND\L2-SSR_Submission-CN_DavidD\record_data\IMG\robocam_2017_09_09_16_22_02_989.jpg;0;0.1498584;0;2.15017;115.8581;100.4072;1.260632;34.59378;-0.0005114808
D:\PSI_Document\Robot_ND\RobotND\L2-SSR_Submission-CN_DavidD\record_data\IMG\robocam_2017_09_09_16_22_03_040.jpg;0;0;0;2.149362;115.9638;100.4794;1.200596;34.58065;-0.0004373882
D:\PSI_Document\Robot_ND\RobotND\L2-SSR_Submission-CN_DavidD\record_data\IMG\robocam_2017_09_09_16_22_03_090.jpg;0;0;0;2.145453;116.0337;100.5272;1.136674;34.57218;-0.0003750939
D:\PSI_Document\Robot_ND\RobotND\L2-SSR_Submission-CN_DavidD\record_data\IMG\robocam_2017_09_09_16_22_03_139.jpg;0;0;0;2.138859;116.1379;100.5984;1.011671;34.5598;-0.000254571
D:\PSI_Document\Robot_ND\RobotND\L2-SSR_Submission-CN_DavidD\record_data\IMG\robocam_2017_09_09_16_22_03_189.jpg;0;0;0;2.134442;116.207;100.6456;0.9132549;34.55188;-0.0001031863
D:\PSI_Document\Robot_ND\RobotND\L2-SSR_Submission-CN_DavidD\record_data\IMG\robocam_2017_09_09_16_22_03_239.jpg;0;0;0;2.127747;116.31;100.716;0.7499695;34.54084;0.001054047
D:\PSI_Document\Robot_ND\RobotND\L2-SSR_Submission-CN_DavidD\record_data\IMG\robocam_2017_09_09_16_22_03_289.jpg;0;0;0;2.123243;116.3784;100.7628;0.6340617;34.53532;0.005286756
D:\PSI_Document\Robot_ND\RobotND\L2-SSR_Submission-CN_DavidD\record_data\IMG\robocam_2017_09_09_16_22_03_339.jpg;0;0;0;2.116428;116.4806;100.8328;0.4550689;34.53037;0.01755231
D:\PSI_Document\Robot_ND\RobotND\L2-SSR_Submission-CN_DavidD\record_data\IMG\robocam_2017_09_09_16_22_03_389.jpg;0;0;0;2.111847;116.5485;100.8794;0.3351428;34.52932;0.02952183
D:\PSI_Document\Robot_ND\RobotND\L2-SSR_Submission-CN_DavidD\record_data\IMG\robocam_2017_09_09_16_22_03_439.jpg;0;0;0;2.104921;116.6499;100.9492;0.1552111;34.52942;0.04902817
D:\PSI_Document\Robot_ND\RobotND\L2-SSR_Submission-CN_DavidD\record_data\IMG\robocam_2017_09_09_16_22_03_489.jpg;0;0;0;2.10026;116.7174;100.9956;0.03555935;34.52949;0.06051887
D:\PSI_Document\Robot_ND\RobotND\L2-SSR_Submission-CN_DavidD\record_data\IMG\robocam_2017_09_09_16_22_03_539.jpg;0;0;0;2.093206;116.8184;101.065;359.8607;34.52959;0.07538682
D:\PSI_Document\Robot_ND\RobotND\L2-SSR_Submission-CN_DavidD\record_data\IMG\robocam_2017_09_09_16_22_03_588.jpg;0;0;0;2.088418;116.8859;101.1112;359.764;34.52293;0.06731393
D:\PSI_Document\Robot_ND\RobotND\L2-SSR_Submission-CN_DavidD\record_data\IMG\robocam_2017_09_09_16_22_03_640.jpg;0;0;0;2.080762;116.9873;101.1804;359.6433;34.51248;0.04386278
D:\PSI_Document\Robot_ND\RobotND\L2-SSR_Submission-CN_DavidD\record_data\IMG\robocam_2017_09_09_16_22_03_689.jpg;0;0;0;2.075698;117.0546;101.2267;359.5728;34.50963;0.02970124
D:\PSI_Document\Robot_ND\RobotND\L2-SSR_Submission-CN_DavidD\record_data\IMG\robocam_2017_09_09_16_22_03_739.jpg;0;0;0;2.068358;117.1558;101.296;359.4881;34.50354;-0.00160788
D:\PSI_Document\Robot_ND\RobotND\L2-SSR_Submission-CN_DavidD\record_data\IMG\robocam_2017_09_09_16_22_03_790.jpg;0;0;0;2.063381;117.2231;101.3423;359.4401;34.50225;359.9799
D:\PSI_Document\Robot_ND\RobotND\L2-SSR_Submission-CN_DavidD\record_data\IMG\robocam_2017_09_09_16_22_03_839.jpg;0;0;0;2.055707;117.324;101.412;359.3982;34.5093;359.9767
D:\PSI_Document\Robot_ND\RobotND\L2-SSR_Submission-CN_DavidD\record_data\IMG\robocam_2017_09_09_16_22_03_889.jpg;0;0;0;2.04856;117.3911;101.4582;359.3739;34.51006;359.9704
D:\PSI_Document\Robot_ND\RobotND\L2-SSR_Submission-CN_DavidD\record_data\IMG\robocam_2017_09_09_16_22_03_939.jpg;0;0;0;2.043302;117.4919;101.5278;359.3636;34.51662;359.9804
D:\PSI_Document\Robot_ND\RobotND\L2-SSR_Submission-CN_DavidD\record_data\IMG\robocam_2017_09_09_16_22_03_989.jpg;0;0.04979409;0;2.036211;117.559;101.5739;359.3597;34.51736;359.9835
D:\PSI_Document\Robot_ND\RobotND\L2-SSR_Submission-CN_DavidD\record_data\IMG\robocam_2017_09_09_16_22_04_039.jpg;0;0.1989423;0;2.03461;117.6597;101.6432;359.3662;34.51758;359.9876
D:\PSI_Document\Robot_ND\RobotND\L2-SSR_Submission-CN_DavidD\record_data\IMG\robocam_2017_09_09_16_22_04_091.jpg;0;0.3492717;0;2.036869;117.7271;101.6896;359.3862;34.51761;359.9903
D:\PSI_Document\Robot_ND\RobotND\L2-SSR_Submission-CN_DavidD\record_data\IMG\robocam_2017_09_09_16_22_04_139.jpg;0;0.3042663;0;2.047561;117.8292;101.7598;359.4479;34.51762;359.9941
D:\PSI_Document\Robot_ND\RobotND\L2-SSR_Submission-CN_DavidD\record_data\IMG\robocam_2017_09_09_16_22_04_190.jpg;0;0.1554333;0;2.052457;117.8977;101.8069;359.5022;34.51762;-0.003425776
D:\PSI_Document\Robot_ND\RobotND\L2-SSR_Submission-CN_DavidD\record_data\IMG\robocam_2017_09_09_16_22_04_239.jpg;0;0.005762842;0;2.051447;118.0003;101.8774;359.5848;34.51762;1.262017E-05
D:\PSI_Document\Robot_ND\RobotND\L2-SSR_Submission-CN_DavidD\record_data\IMG\robocam_2017_09_09_16_22_04_289.jpg;0;0;0;2.045209;118.0684;101.9243;359.6349;34.51763;0.002132556
D:\PSI_Document\Robot_ND\RobotND\L2-SSR_Submission-CN_DavidD\record_data\IMG\robocam_2017_09_09_16_22_04_340.jpg;0;0;0;2.040626;118.1702;101.9943;359.6997;34.51763;0.005026928
D:\PSI_Document\Robot_ND\RobotND\L2-SSR_Submission-CN_DavidD\record_data\IMG\robocam_2017_09_09_16_22_04_389.jpg;0;0;0;2.036062;118.2378;102.0408;359.7358;34.51763;0.006755401
D:\PSI_Document\Robot_ND\RobotND\L2-SSR_Submission-CN_DavidD\record_data\IMG\robocam_2017_09_09_16_22_04_439.jpg;0;0;0;2.029249;118.3388;102.1102;359.7792;34.51763;0.009030757
D:\PSI_Document\Robot_ND\RobotND\L2-SSR_Submission-CN_DavidD\record_data\IMG\robocam_2017_09_09_16_22_04_489.jpg;0;0;0;2.024726;118.4058;102.1563;359.8011;34.51763;0.01033181
D:\PSI_Document\Robot_ND\RobotND\L2-SSR_Submission-CN_DavidD\record_data\IMG\robocam_2017_09_09_16_22_04_540.jpg;0;0;0;2.017965;118.5059;102.2251;359.8238;34.51764;0.0119558
D:\PSI_Document\Robot_ND\RobotND\L2-SSR_Submission-CN_DavidD\record_data\IMG\robocam_2017_09_09_16_22_04_588.jpg;0;0;0;2.011229;118.5723;102.2708;359.8325;34.51764;0.01282301
D:\PSI_Document\Robot_ND\RobotND\L2-SSR_Submission-CN_DavidD\record_data\IMG\robocam_2017_09_09_16_22_04_639.jpg;0;0.1018347;0;2.007015;118.6717;102.3391;359.8381;34.51765;0.01380579
D:\PSI_Document\Robot_ND\RobotND\L2-SSR_Submission-CN_DavidD\record_data\IMG\robocam_2017_09_09_16_22_04_689.jpg;0;0.2007479;0;2.006301;118.7379;102.3846;359.8433;34.51765;0.01425516
D:\PSI_Document\Robot_ND\RobotND\L2-SSR_Submission-CN_DavidD\record_data\IMG\robocam_2017_09_09_16_22_04_739.jpg;0;0.2995848;0;2.0128;118.8377;102.4533;359.8668;34.51765;0.01463572
D:\PSI_Document\Robot_ND\RobotND\L2-SSR_Submission-CN_DavidD\record_data\IMG\robocam_2017_09_09_16_22_04_790.jpg;0;0.1516078;0;2.017754;118.9046;102.4993;359.8907;34.51765;0.01470482
D:\PSI_Document\Robot_ND\RobotND\L2-SSR_Submission-CN_DavidD\record_data\IMG\robocam_2017_09_09_16_22_04_840.jpg;0;0.0008855388;0;2.016737;119.0047;102.5682;359.9221;34.51765;0.01455204
D:\PSI_Document\Robot_ND\RobotND\L2-SSR_Submission-CN_DavidD\record_data\IMG\robocam_2017_09_09_16_22_04_890.jpg;0;0;0;2.010628;119.0712;102.6139;359.9355;34.51765;0.01429275
D:\PSI_Document\Robot_ND\RobotND\L2-SSR_Submission-CN_DavidD\record_data\IMG\robocam_2017_09_09_16_22_04_940.jpg;0;0;0;2.006186;119.1705;102.6822;359.9434;34.51765;0.01369347
D:\PSI_Document\Robot_ND\RobotND\L2-SSR_Submission-CN_DavidD\record_data\IMG\robocam_2017_09_09_16_22_04_989.jpg;0;0;0;2.00175;119.2364;102.7275;359.9412;34.51766;0.01316855
D:\PSI_Document\Robot_ND\RobotND\L2-SSR_Submission-CN_DavidD\record_data\IMG\robocam_2017_09_09_16_22_05_042.jpg;0;0;0;1.995106;119.3349;102.7952;359.9279;34.51767;0.01222073
D:\PSI_Document\Robot_ND\RobotND\L2-SSR_Submission-CN_DavidD\record_data\IMG\robocam_2017_09_09_16_22_05_092.jpg;0;0.1033866;0;1.988748;119.4002;102.8401;359.9134;34.51767;0.01149778
D:\PSI_Document\Robot_ND\RobotND\L2-SSR_Submission-CN_DavidD\record_data\IMG\robocam_2017_09_09_16_22_05_140.jpg;0;0.2451462;0;1.989502;119.4984;102.9076;359.8962;34.51767;0.01030422
D:\PSI_Document\Robot_ND\RobotND\L2-SSR_Submission-CN_DavidD\record_data\IMG\robocam_2017_09_09_16_22_05_189.jpg;0;0.2909375;0;1.996764;119.5641;102.9528;359.8953;34.51768;0.00945142
D:\PSI_Document\Robot_ND\RobotND\L2-SSR_Submission-CN_DavidD\record_data\IMG\robocam_2017_09_09_16_22_05_239.jpg;0;0.1414875;0;1.999991;119.6631;103.0209;359.9061;34.51768;0.008112825
D:\PSI_Document\Robot_ND\RobotND\L2-SSR_Submission-CN_DavidD\record_data\IMG\robocam_2017_09_09_16_22_05_289.jpg;0;0;0;1.99843;119.7291;103.0663;359.9131;34.51768;0.007194986
D:\PSI_Document\Robot_ND\RobotND\L2-SSR_Submission-CN_DavidD\record_data\IMG\robocam_2017_09_09_16_22_05_340.jpg;0;0;0;1.994544;119.8277;103.1341;359.915;34.51768;0.005804627
D:\PSI_Document\Robot_ND\RobotND\L2-SSR_Submission-CN_DavidD\record_data\IMG\robocam_2017_09_09_16_22_05_389.jpg;0;0;0;1.990123;119.8932;103.1792;359.9108;34.5171;0.003554254
D:\PSI_Document\Robot_ND\RobotND\L2-SSR_Submission-CN_DavidD\record_data\IMG\robocam_2017_09_09_16_22_05_439.jpg;0;0;0;1.98566;119.9911;103.2465;359.8968;34.51668;8.581773E-05
D:\PSI_Document\Robot_ND\RobotND\L2-SSR_Submission-CN_DavidD\record_data\IMG\robocam_2017_09_09_16_22_05_490.jpg;0;0;0;1.97904;120.0561;103.2912;359.8845;34.51727;-0.0004606585
D:\PSI_Document\Robot_ND\RobotND\L2-SSR_Submission-CN_DavidD\record_data\IMG\robocam_2017_09_09_16_22_05_539.jpg;0;0;0;1.972355;120.1533;103.358;359.8622;34.51776;-0.000217993
D:\PSI_Document\Robot_ND\RobotND\L2-SSR_Submission-CN_DavidD\record_data\IMG\robocam_2017_09_09_16_22_05_590.jpg;0;0;0;1.967865;120.2178;103.4025;359.8454;34.51779;-0.000258721
D:\PSI_Document\Robot_ND\RobotND\L2-SSR_Submission-CN_DavidD\record_data\IMG\robocam_2017_09_09_16_22_05_640.jpg;0;0;0;1.961239;120.3144;103.4689;359.8195;34.51784;-0.000145896
D:\PSI_Document\Robot_ND\RobotND\L2-SSR_Submission-CN_DavidD\record_data\IMG\robocam_2017_09_09_16_22_05_690.jpg;0;0.1479647;0;1.956985;120.3787;103.5131;359.8022;34.51788;0.0001619778
D:\PSI_Document\Robot_ND\RobotND\L2-SSR_Submission-CN_DavidD\record_data\IMG\robocam_2017_09_09_16_22_05_741.jpg;0;0.3008953;0;1.959278;120.4755;103.5796;359.7962;34.51756;-0.0003857347
D:\PSI_Document\Robot_ND\RobotND\L2-SSR_Submission-CN_DavidD\record_data\IMG\robocam_2017_09_09_16_22_05_790.jpg;0;0.1985765;0;1.9639;120.5403;103.6242;359.803;34.51754;-0.0004546572
D:\PSI_Document\Robot_ND\RobotND\L2-SSR_Submission-CN_DavidD\record_data\IMG\robocam_2017_09_09_16_22_05_840.jpg;0;0;0;1.963817;120.6376;103.6911;359.8152;34.51753;-0.0005322972
D:\PSI_Document\Robot_ND\RobotND\L2-SSR_Submission-CN_DavidD\record_data\IMG\robocam_2017_09_09_16_22_05_889.jpg;0;0;0;1.96001;120.7022;103.7355;359.8189;34.51752;-0.0005735252
D:\PSI_Document\Robot_ND\RobotND\L2-SSR_Submission-CN_DavidD\record_data\IMG\robocam_2017_09_09_16_22_05_940.jpg;0;0;0;1.953451;120.7987;103.8019;359.817;34.51752;-0.0006206366
D:\PSI_Document\Robot_ND\RobotND\L2-SSR_Submission-CN_DavidD\record_data\IMG\robocam_2017_09_09_16_22_05_989.jpg;0;0;0;1.94688;120.8629;103.8461;359.8135;34.51766;-0.0003431321
D:\PSI_Document\Robot_ND\RobotND\L2-SSR_Submission-CN_DavidD\record_data\IMG\robocam_2017_09_09_16_22_06_039.jpg;0;0;0;1.942442;120.9588;103.912;359.8045;34.51781;0.0004376816
D:\PSI_Document\Robot_ND\RobotND\L2-SSR_Submission-CN_DavidD\record_data\IMG\robocam_2017_09_09_16_22_06_089.jpg;0;0;0;1.93592;121.0225;103.9558;359.7947;34.51783;0.0008572075
D:\PSI_Document\Robot_ND\RobotND\L2-SSR_Submission-CN_DavidD\record_data\IMG\robocam_2017_09_09_16_22_06_140.jpg;0;0;0;1.931451;121.1178;104.0213;359.7823;34.51708;-0.0006656614
D:\PSI_Document\Robot_ND\RobotND\L2-SSR_Submission-CN_DavidD\record_data\IMG\robocam_2017_09_09_16_22_06_189.jpg;0;0;0;1.924946;121.1811;104.0649;359.7707;34.51703;-0.0009762578
D:\PSI_Document\Robot_ND\RobotND\L2-SSR_Submission-CN_DavidD\record_data\IMG\robocam_2017_09_09_16_22_06_240.jpg;0;0;0;1.920577;121.2758;104.13;359.7552;34.51756;0.0001388395
D:\PSI_Document\Robot_ND\RobotND\L2-SSR_Submission-CN_DavidD\record_data\IMG\robocam_2017_09_09_16_22_06_290.jpg;0;0;0;1.913992;121.3388;104.1733;359.7436;34.51772;0.001185216
D:\PSI_Document\Robot_ND\RobotND\L2-SSR_Submission-CN_DavidD\record_data\IMG\robocam_2017_09_09_16_22_06_340.jpg;0;0;0;1.909631;121.433;104.2381;359.7285;34.51559;-0.003218789
D:\PSI_Document\Robot_ND\RobotND\L2-SSR_Submission-CN_DavidD\record_data\IMG\robocam_2017_09_09_16_22_06_389.jpg;0;0;0;1.903068;121.4956;104.2811;359.718;34.51512;359.9941
D:\PSI_Document\Robot_ND\RobotND\L2-SSR_Submission-CN_DavidD\record_data\IMG\robocam_2017_09_09_16_22_06_440.jpg;0;0;0;1.898714;121.5893;104.3456;359.7054;34.51729;-0.003193102
D:\PSI_Document\Robot_ND\RobotND\L2-SSR_Submission-CN_DavidD\record_data\IMG\robocam_2017_09_09_16_22_06_489.jpg;0;0;0;1.89217;121.6515;104.3884;359.697;34.51778;-0.001420672
D:\PSI_Document\Robot_ND\RobotND\L2-SSR_Submission-CN_DavidD\record_data\IMG\robocam_2017_09_09_16_22_06_540.jpg;0;0;0;1.887893;121.7446;104.4525;359.6822;34.51793;0.0007591498
D:\PSI_Document\Robot_ND\RobotND\L2-SSR_Submission-CN_DavidD\record_data\IMG\robocam_2017_09_09_16_22_06_590.jpg;0;0;0;1.881286;121.8066;104.4951;359.6781;34.51696;-0.0004015201
D:\PSI_Document\Robot_ND\RobotND\L2-SSR_Submission-CN_DavidD\record_data\IMG\robocam_2017_09_09_16_22_06_640.jpg;0;0;0;1.877023;121.8993;104.5588;359.669;34.51678;-0.0002818567
D:\PSI_Document\Robot_ND\RobotND\L2-SSR_Submission-CN_DavidD\record_data\IMG\robocam_2017_09_09_16_22_06_689.jpg;0;0;0;1.870651;121.9609;104.6012;359.6618;34.51677;-0.0001589381
D:\PSI_Document\Robot_ND\RobotND\L2-SSR_Submission-CN_DavidD\record_data\IMG\robocam_2017_09_09_16_22_06_740.jpg;0;0;0;1.866202;122.0531;104.6646;359.6593;34.51654;-0.0005937433
D:\PSI_Document\Robot_ND\RobotND\L2-SSR_Submission-CN_DavidD\record_data\IMG\robocam_2017_09_09_16_22_06_790.jpg;0;0;0;1.861969;122.1144;104.7067;359.6563;34.51653;-0.0006897014
D:\PSI_Document\Robot_ND\RobotND\L2-SSR_Submission-CN_DavidD\record_data\IMG\robocam_2017_09_09_16_22_06_840.jpg;0;0;0;1.855644;122.2061;104.7698;359.6499;34.51653;-0.0008037629
D:\PSI_Document\Robot_ND\RobotND\L2-SSR_Submission-CN_DavidD\record_data\IMG\robocam_2017_09_09_16_22_06_889.jpg;0;0;0;1.849257;122.267;104.8117;359.6489;34.51664;-0.0006101395
D:\PSI_Document\Robot_ND\RobotND\L2-SSR_Submission-CN_DavidD\record_data\IMG\robocam_2017_09_09_16_22_06_940.jpg;0;0;0;1.844929;122.3582;104.8744;359.6489;34.51693;0.0009441178
D:\PSI_Document\Robot_ND\RobotND\L2-SSR_Submission-CN_DavidD\record_data\IMG\robocam_2017_09_09_16_22_06_990.jpg;0;0;0;1.83866;122.4189;104.9161;359.6476;34.51696;0.001776443
D:\PSI_Document\Robot_ND\RobotND\L2-SSR_Submission-CN_DavidD\record_data\IMG\robocam_2017_09_09_16_22_07_040.jpg;0;0;0;1.834493;122.5096;104.9784;359.6473;34.51517;-0.001232486
D:\PSI_Document\Robot_ND\RobotND\L2-SSR_Submission-CN_DavidD\record_data\IMG\robocam_2017_09_09_16_22_07_090.jpg;0;0;0;1.82806;122.5699;105.0199;359.6496;34.51411;-0.00524559
D:\PSI_Document\Robot_ND\RobotND\L2-SSR_Submission-CN_DavidD\record_data\IMG\robocam_2017_09_09_16_22_07_140.jpg;0;0;0;1.823918;122.6601;105.0819;359.6508;34.51381;359.9902
D:\PSI_Document\Robot_ND\RobotND\L2-SSR_Submission-CN_DavidD\record_data\IMG\robocam_2017_09_09_16_22_07_189.jpg;0;0;0;1.817722;122.72;105.1231;359.6503;34.51377;359.9875
D:\PSI_Document\Robot_ND\RobotND\L2-SSR_Submission-CN_DavidD\record_data\IMG\robocam_2017_09_09_16_22_07_239.jpg;0;0;0;1.813412;122.8097;105.1849;359.6568;34.51669;359.993
D:\PSI_Document\Robot_ND\RobotND\L2-SSR_Submission-CN_DavidD\record_data\IMG\robocam_2017_09_09_16_22_07_289.jpg;0;0;0;1.807251;122.8694;105.2259;359.6591;34.51694;-0.005354923
D:\PSI_Document\Robot_ND\RobotND\L2-SSR_Submission-CN_DavidD\record_data\IMG\robocam_2017_09_09_16_22_07_340.jpg;0;0;0;1.803159;122.9585;105.2872;359.6602;34.51701;-0.003038447
D:\PSI_Document\Robot_ND\RobotND\L2-SSR_Submission-CN_DavidD\record_data\IMG\robocam_2017_09_09_16_22_07_390.jpg;0;0;0;1.797037;123.0178;105.328;359.6596;34.51702;-0.001580416
D:\PSI_Document\Robot_ND\RobotND\L2-SSR_Submission-CN_DavidD\record_data\IMG\robocam_2017_09_09_16_22_07_440.jpg;0;0;0;1.792793;123.1064;105.3891;359.6648;34.51954;0.00831487
D:\PSI_Document\Robot_ND\RobotND\L2-SSR_Submission-CN_DavidD\record_data\IMG\robocam_2017_09_09_16_22_07_489.jpg;0;0;0;1.786703;123.1654;105.4296;359.6664;34.51977;0.01296819
D:\PSI_Document\Robot_ND\RobotND\L2-SSR_Submission-CN_DavidD\record_data\IMG\robocam_2017_09_09_16_22_07_540.jpg;0;0;0;1.782658;123.2536;105.4902;359.6698;34.51816;0.01525309
D:\PSI_Document\Robot_ND\RobotND\L2-SSR_Submission-CN_DavidD\record_data\IMG\robocam_2017_09_09_16_22_07_589.jpg;0;0;0;1.776428;123.3123;105.5305;359.6738;34.51721;0.01451822
D:\PSI_Document\Robot_ND\RobotND\L2-SSR_Submission-CN_DavidD\record_data\IMG\robocam_2017_09_09_16_22_07_640.jpg;0;0;0;1.772408;123.3999;105.5908;359.677;34.51695;0.01405874
D:\PSI_Document\Robot_ND\RobotND\L2-SSR_Submission-CN_DavidD\record_data\IMG\robocam_2017_09_09_16_22_07_690.jpg;0;0;0;1.766397;123.4582;105.6308;359.6775;34.51693;0.01366106
